"name","image","url","blurb"
"Canvas of Kings","[img]https://i.imgur.com/D09EppY.jpeg[/img]","https://store.steampowered.com/app/2498570/Canvas_of_Kings/","Not a game but a map-making tool. Very cool."
"BOOM! Buster","[img]https://i.imgur.com/aZujIpl.jpeg[/img]","https://store.steampowered.com/app/2498890/BOOM_Buster/","Never gonna turn down more "Pizza Tower"-style animations."
"@Mehrabehzad","[img]https://i.imgur.com/chybV7u.png[/img]","https://x.com/Mehrabehzad/status/1813242279261577274","Finally. 5 stars in GTA without the ceremony."
"PSYCHOFINGER","[img]https://i.imgur.com/j5hrQq0.jpeg[/img]","https://store.steampowered.com/app/2617870/PSYCHOFINGER/","*Cuphead snapping intensifies*"
"GHOST EATER","[img]https://i.imgur.com/tSqqC9i.jpeg[/img]","https://store.steampowered.com/app/2708620/GHOST_EATER/","Love the look."
"NIGHT-RUNNERSâ„¢ PROLOGUE","https://i.imgur.com/ItYsTt4.jpeg","https://store.steampowered.com/app/2707900/NIGHTRUNNERS_PROLOGUE/","Love the grungy VHS aesthetic."
"Shift 87","https://i.imgur.com/j5dQzH3.jpeg","https://store.steampowered.com/app/2981650/Shift_87/","Analog horror puzzler."
"MOTORSLICE","https://i.imgur.com/8vEp964.jpeg","https://store.steampowered.com/app/2830030/MOTORSLICE/","Says it's inspired by 2008 Prince of Persia. Big if true."
"Tricky Madness","https://i.imgur.com/uXVLYuz.jpeg","https://store.steampowered.com/app/2743850/Tricky_Madness/","IT'S TRICKY, IT'S TRICKY"
"Berserk B.I.T.S","https://i.imgur.com/njEtcrR.jpg","https://store.steampowered.com/app/2348540/Berserk_BITS/","Love me some Battle Network anything."
"Dojo Masters","https://i.imgur.com/0En76ZW.jpeg","https://store.steampowered.com/app/2538000/Dojo_Masters/","Divekick with more sauce."
".45 PARABELLUM BLOODHOUND","https://i.imgur.com/rIPPemi.gif","https://sukeban.moe/index.php/2024/07/03/parabellum/","Reminds me of Parasite Eve and Vagrant Story."
"In Stars And Time","https://i.imgur.com/GAXUmdI.jpeg","https://store.steampowered.com/app/1677310/In_Stars_And_Time/","Too many people recommended it."
"UFO 50","https://i.imgur.com/vCN6gTk.jpeg","https://store.steampowered.com/app/1147860/UFO_50/","Spelunky dev makes a 50-in-1. Seems good."
"SPINE","https://i.imgur.com/dqXpWOh.jpeg","https://store.steampowered.com/app/1731290/SPINE/","Gun fu."
"Chicken Police: Into the HIVE!","https://i.imgur.com/LoGMBLz.jpeg","https://store.steampowered.com/app/2362090/Chicken_Police_Into_the_HIVE/","Like the vibe."
"Owl Observatory","https://i.imgur.com/yj87q0h.jpeg","https://store.steampowered.com/app/2633510/Owl_Observatory/","Tentatively like the vibe."
"Core Decay","https://i.imgur.com/ityQg5t.jpeg","https://store.steampowered.com/app/1260940/Core_Decay/","Looks good."
"darkwebSTREAMER","https://i.imgur.com/Vbwdwps.jpeg","https://store.steampowered.com/app/2151810/darkwebSTREAMER/","Looks good."
"Paradise Killer","https://i.imgur.com/hCh4wUK.jpeg","https://store.steampowered.com/app/1160220/Paradise_Killer/","Looks good."
"REPLACED","https://i.imgur.com/QpTpF8Y.jpg","https://store.steampowered.com/app/1663850/REPLACED/","Love the aesthetic."
"CRETE","https://i.imgur.com/igtEtxk.jpeg","https://store.steampowered.com/app/2022610/CRETE/","Kneejerk reaction: SCORN GORN."
"Holstin","https://i.imgur.com/3vUO310.jpeg","https://store.steampowered.com/app/2235430/Holstin/","Love a good isometric look."
"REPOSE","https://i.imgur.com/RiObDv3.jpeg","https://store.steampowered.com/app/3002510/REPOSE/","Solid vibe."
"Kusan: City of Wolves","https://i.imgur.com/v2Kjx4T.jpeg","https://store.steampowered.com/app/1714510/Kusan__City_of_Wolves/","Punch good."
"Samurai Unicorn","https://i.imgur.com/Fdd2mXB.jpeg","https://store.steampowered.com/app/2494020/Samurai_Unicorn/","PSP-core gets me every time."
"The Looter","https://i.imgur.com/WZERQIV.jpeg","https://store.steampowered.com/app/1163020/The_Looter/","I like the look."
"Sorry, We're Closed","https://i.imgur.com/dpXRBeu.jpg","https://store.steampowered.com/app/1796580/Sorry_Were_Closed/","The key art looks very JoJo-coded."
"Spirit of the Samurai","https://i.imgur.com/a7OVYpx.jpeg","https://store.steampowered.com/app/1507120/The_Spirit_of_the_Samurai/",""
"CONSCRIPT","https://i.imgur.com/qtKehWM.jpeg","https://store.steampowered.com/app/1286990/CONSCRIPT/","Liked the vibe."
"GREENFIELD","https://i.imgur.com/nTU9WJF.jpeg","https://store.steampowered.com/app/2284140/GREENFIELD/",""
"Militsioner","https://i.imgur.com/Wv40mj4.jpeg","https://store.steampowered.com/app/1373530/Militsioner/","Very curious about this one."
"Necrophosis","https://i.imgur.com/ToQU7pP.jpg","https://store.steampowered.com/app/2019760/Necrophosis/","Love to see more H.R. Giger inspired stuff."
"Ares Breathes","https://i.imgur.com/A4FI4iO.jpeg","https://store.steampowered.com/app/2833910/Ares_Breathes/",""
"Journey Beyond the Edge of the World","https://i.imgur.com/xmE3CHX.jpeg","https://store.steampowered.com/app/2541750/Journey_Beyond_the_Edge_of_the_World/","Remember the Obra Dinn?"
"Luna Abyss","https://i.imgur.com/XdusT23.jpeg","https://store.steampowered.com/app/1933000/Luna_Abyss/","Control + DOOM?"
"Lorn's Lure","https://i.imgur.com/lTlkMMg.jpeg","https://store.steampowered.com/app/1417930/Lorns_Lure/",""
"Aurascope","https://i.imgur.com/KuKiT7H.jpeg","https://store.steampowered.com/app/1547880/Aurascope/",""
"HASTE: Broken Worlds","https://i.imgur.com/3WLU8b7.jpeg","https://store.steampowered.com/app/1796470/HASTE_Broken_Worlds/","FOLLOW ME, SET ME FREE, TRUST ME AND WE WILL ESCAPE FROM THE CITY"
"Rollin' Rascal","https://i.imgur.com/Q4RnosV.jpeg","https://store.steampowered.com/app/2740750/Rollin_Rascal/",""
"Mecha BREAK","https://i.imgur.com/2M70gvR.jpeg","https://store.steampowered.com/app/2452280/Mecha_BREAK/","Armored Core but more Ace Combat-y?"
"ODDADA","https://i.imgur.com/O8kP7lu.jpeg","https://store.steampowered.com/app/1627870/ODDADA/","I miss Electroplankton."
"Last Moon","https://i.imgur.com/jjOp5Wp.jpeg","https://store.steampowered.com/app/1108600/Last_Moon/",""
"Tiny Glade","https://i.imgur.com/L4hXrM7.jpeg","https://store.steampowered.com/app/2198150/Tiny_Glade/","Cute."
"CATO","https://i.imgur.com/Om90uij.jpeg","https://store.steampowered.com/app/1999520/CATO/","Cute."
"Windswept","https://i.imgur.com/vDAeDOG.jpeg","https://store.steampowered.com/app/1660960/Windswept/","Cute."
"SCHiM","https://i.imgur.com/Ky9ipii.jpeg","https://store.steampowered.com/app/1519710/SCHiM/","Very cool idea."
"Enigma of Fear","https://i.imgur.com/NbfkqTa.jpg","https://store.steampowered.com/app/1507580/Enigma_of_Fear/","Reminded me of Stray Cat Crossing."
"Mouthwashing","https://i.imgur.com/B2WnNLv.jpeg","https://store.steampowered.com/app/2475490/Mouthwashing/",""
"Subversive Memories","https://i.imgur.com/d6CwlF6.jpeg","https://store.steampowered.com/app/2821110/Subversive_Memories/",""
"Project Tower","https://i.imgur.com/1M8QjLL.jpeg","https://store.steampowered.com/app/2242970/Project_Tower/",""
"Eclipsium","https://i.imgur.com/67ZSy27.jpeg","https://store.steampowered.com/app/2419670/Eclipsium/",""
"Pool of Madness","https://i.imgur.com/TIm8C7y.jpeg","https://store.steampowered.com/app/2873750/Pool_of_Madness/",""
"Beyond Shadowgate","https://i.imgur.com/Ku71GZ4.jpeg","https://store.steampowered.com/app/2332240/Beyond_Shadowgate/",""
"Trailblazers: Into the March","https://i.imgur.com/u1bPAN0.jpeg","https://store.steampowered.com/app/2671300/Trailblazers_Into_the_March/","*screams in FTL*"
"Combustion","https://i.imgur.com/qL0zZSK.jpeg","https://store.steampowered.com/app/2145090/Combustion/","Love the look."
"FUMES","https://i.imgur.com/STBrjrQ.jpeg","https://store.steampowered.com/app/1920430/FUMES/","CAR. COMBAT."
"Rose and Locket","https://i.imgur.com/AbQyOco.jpeg","https://store.steampowered.com/app/1697850/Rose_and_Locket/",""
"Slice & Dice","https://i.imgur.com/CZMiNug.jpeg","https://store.steampowered.com/app/1775490/Slice__Dice/","Mmm, yes. Dice."
"We Kill Monsters","https://i.imgur.com/1bxZaxj.jpeg","https://store.steampowered.com/app/1792460/We_Kill_Monsters/","One day, Little Devil Inside will get released."
"First Cut: Samurai Duel","https://i.imgur.com/P1QjsmY.jpeg","https://store.steampowered.com/app/2193490/First_Cut_Samurai_Duel/","Love me some Bushido Blade."
"Aero GPX","https://i.imgur.com/KmrTszq.jpeg","https://store.steampowered.com/app/2160360/Aero_GPX/","YOU GOT BOOST POWER"
"Metal Slug Tactics","https://i.imgur.com/I0ZuPto.jpeg","https://store.steampowered.com/app/1590760/Metal_Slug_Tactics/","ROCKET LAWNCHAIR"
"StarVaders","https://i.imgur.com/kUsNKbH.jpeg","https://store.steampowered.com/app/2097570/StarVaders/","Love me some deckbuilders."
"Rabbit and Steel","https://i.imgur.com/imVWbcu.jpeg","https://store.steampowered.com/app/2132850/Rabbit_and_Steel/",""
"Another Crab's Treasure","https://i.imgur.com/DtLRQFz.jpeg","https://store.steampowered.com/app/1887840/Another_Crabs_Treasure/",""
"SKALD: Against the Black Priory","https://i.imgur.com/12us9h9.jpeg","https://store.steampowered.com/app/1069160/SKALD_Against_the_Black_Priory/","Mmm, yes, DOS-core."
"LOK Digital","https://i.imgur.com/G3gGpgS.jpeg","https://store.steampowered.com/app/2207440/LOK_Digital/",""
"Tenjutsu","https://i.imgur.com/MST1FXP.jpeg","https://store.steampowered.com/app/1363940/Tenjutsu/","Dead Cells designer makes beat-em-up with Sifu/Absolver trappings. Seems good."
"Sea Sniffers","https://i.imgur.com/K94PO48.png","https://store.steampowered.com/app/3045520/Sea_Sniffers/","Seal punch problems away."
"Fear the Spotlight","https://i.imgur.com/IiXsiS9.jpeg","https://store.steampowered.com/app/1959390/Fear_the_Spotlight/","Great vibe."
"Puppy Truck","https://i.imgur.com/AwsLr96.png","https://x.com/seandick/status/1702092609316155489","Go, my son. Do a flip."
"Patrick's Parabox","https://i.imgur.com/gcL6i3b.jpeg","https://store.steampowered.com/app/1260520/Patricks_Parabox/","Sweet Jesus, Pooh! That's not honey! You're eating recursion!"
"Crypt Custodian","https://i.imgur.com/pjAjv04.jpeg","https://store.steampowered.com/app/2394650/Crypt_Custodian/",""
"Toxic Crusaders","https://i.imgur.com/6GwxMVe.jpeg","https://store.steampowered.com/app/2303850/Toxic_Crusaders/",""
"#BLUD","https://i.imgur.com/HWKurp6.jpeg","https://store.steampowered.com/app/1921480/BLUD/","Cartoon Network styled beat-em-up? Sign me up"
"Haunted Paws","https://i.imgur.com/ctz8Sno.jpeg","https://store.steampowered.com/app/2861080/Haunted_Paws/","doggos"
"ParaPerspective","https://i.imgur.com/29mfaTd.jpeg","https://store.steampowered.com/app/1997290/ParaPerspective/",""
"Big Boy Boxing","https://i.imgur.com/ovHVJCl.jpeg","https://store.steampowered.com/app/1680780/Big_Boy_Boxing/",""
"Motordoom","https://i.imgur.com/IeA5JsK.jpeg","https://store.steampowered.com/app/1894720/Motordoom/","Twisted Metal + Tony Hawk's Pro Skater? Yessirrrrr"
"Fallen Leaf","https://i.imgur.com/pfThG05.jpeg","https://store.steampowered.com/app/1459010/Fallen_Leaf/",""
"Wild Bastards","https://i.imgur.com/OcrxNur.jpeg","https://store.steampowered.com/app/1660840/Wild_Bastards/","Loved Void Bastards."
"Escape from Ever After","https://i.imgur.com/VsrRxZp.jpeg","https://store.steampowered.com/app/1996390/Escape_from_Ever_After/",""
"Dead Weight","https://i.imgur.com/lD9FYfS.jpeg","https://store.steampowered.com/app/2646720/Dead_Weight/","Isometric."
"Iron Meat","https://i.imgur.com/zK8Wivs.jpeg","https://store.steampowered.com/app/1157740/Iron_Meat/","Looks good."
"ARC SEED","https://i.imgur.com/hJJQvjm.jpeg","https://store.steampowered.com/app/2332970/ARC_SEED/","Tactical mech battles? I'm in"
"Die in the Dungeon","https://i.imgur.com/201PMiC.jpeg","https://store.steampowered.com/app/2026820/Die_in_the_Dungeon/","The dice. They call to me."
"Castaway","https://i.imgur.com/Dx7cwj5.jpeg","https://store.steampowered.com/app/2564860/Castaway/","Loved GB/GBC Zelda."
"Dungeon Drafters","https://i.imgur.com/5iP9J9V.jpeg","https://store.steampowered.com/app/1824580/Dungeon_Drafters/","Looks good."
"Bionic Bay","https://i.imgur.com/wD6WuiZ.jpeg","https://store.steampowered.com/app/1928690/Bionic_Bay/","Flashback/Heart of Darkness with swapping mechanics."
"Over Jump Rally","https://i.imgur.com/NiF5V2R.jpeg","https://store.steampowered.com/app/1959280/Over_Jump_Rally/","RALLLLLYYYYYYYYYYYY"
"Go Mecha Ball","https://i.imgur.com/udS5J1e.jpeg","https://store.steampowered.com/app/2008510/Go_Mecha_Ball/","Looks solid."
"Blue Prince","https://i.imgur.com/atCtEDF.jpeg","https://store.steampowered.com/app/1569580/Blue_Prince/",""
"MEGATON MUSASHI W: WIRED","https://i.imgur.com/49sD4k0.jpeg","https://store.steampowered.com/app/2450450/MEGATON_MUSASHI_W_WIRED/","Number go up."
"Dome-King Cabbage","https://i.imgur.com/orUsSbn.jpeg","https://store.steampowered.com/app/2092510/DomeKing_Cabbage/","Incredible style."
"Ring of Pain","https://i.imgur.com/n7eeh3t.jpeg","https://store.steampowered.com/app/998740/Ring_of_Pain/","Interesting take on a roguelike."
"ECHOSTASIS","https://i.imgur.com/kQADPed.jpeg","https://store.steampowered.com/app/1558000/ECHOSTASIS/","Analog horror's back on the menu, lads."
"The Mortuary Assistant","https://i.imgur.com/t4cU5VP.jpeg","https://store.steampowered.com/app/1295920/The_Mortuary_Assistant/","10/10 game. Never again."
"Death in Abyss","https://i.imgur.com/e2whmPX.jpeg","https://store.steampowered.com/app/2076520/Death_In_Abyss/","Starfox in the Mariana Trench."
"Aqua Ippan","https://i.imgur.com/e2ORhPC.png","https://division6.itch.io/aqua-ippan",""
"Sunshine Shuffle","https://i.imgur.com/JElD96f.jpeg","https://strangescaffold.itch.io/sunshine-shuffle",""
"LUNARK","https://i.imgur.com/G2tUZ6N.png","https://wayforward.itch.io/lunark","Love me some Flashback-esque games."
"Shakedown Rally","https://i.imgur.com/UmERxOx.png","https://nothke.itch.io/shakedown","(distant) rallllyyyyy~"
"The Drifter","https://i.imgur.com/FDqG18I.png","https://store.steampowered.com/app/1170570/The_Drifter/","Love me some Flashback-esque games."
"Shotgunkatana","https://i.imgur.com/O3kZOnf.png","https://x.com/CeluloiDedede/status/1764320011533852712/","Name says it all."
"RKGK / Rakugaki","https://i.imgur.com/YWNzj2F.jpeg","https://store.steampowered.com/app/2146570/RKGK__Rakugaki/","Solid look."
"Silly Polly Beast","https://i.imgur.com/skOx78Q.jpeg","https://store.steampowered.com/app/1598780/Silly_Polly_Beast/",""
"Spectacular Sparky","https://i.imgur.com/AbWngMi.jpeg","https://store.steampowered.com/app/1300100/Spectacular_Sparky/","I love Treasure."
"Athenian Rhapsody","https://i.imgur.com/oSqCzBW.jpeg","https://store.steampowered.com/app/1671720/Athenian_Rhapsody/",""
"@NickWestDev","https://i.imgur.com/nYvqI4V.png","https://twitter.com/NickWestDev/status/1791850334186258801",""
"Pampas & Selene: The Maze of Demons","https://i.imgur.com/51cwbSa.jpeg","https://store.steampowered.com/app/1966220/Pampas__Selene_The_Maze_of_Demons/","I love La-Mulana."
"Enter the Chronosphere","https://i.imgur.com/ObOFzzK.jpeg","https://store.steampowered.com/app/1969810/Enter_the_Chronosphere/",""
"Lorelei and the Laser Eyes","https://i.imgur.com/iyVn9UJ.jpeg","https://store.steampowered.com/app/2008920/Lorelei_and_the_Laser_Eyes/","WTF do you mean Suda51 didn't make this?"
"DOWNSOUTH","https://i.imgur.com/q8Mqv4j.png","https://twitter.com/troopsushi/status/1627784625681735700","Schmovement with Toejam & Earl animations."
"Roskur's Run","https://i.imgur.com/pqcPCLD.jpeg","https://store.steampowered.com/app/1058030/Roskurs_Run/","Schmovement 2: Schmovement Harder"
"Star Fetchers: Escape from Pork Belly","https://i.imgur.com/U2Uz4Ig.jpeg","https://twitter.com/StarFetchers/status/1790422073136816163","Excellent vibe."
"Super Mario and the Rainbow Stars","https://i.imgur.com/ssgxH5A.png","https://twitter.com/Super_Starshi/status/1790059786488225931","Looks great."
"Project Tempest","https://i.imgur.com/x40ySiK.png","https://twitter.com/poorlocke/status/1790063678529622508",""
"Running Voltgun","https://i.imgur.com/2YvXZSU.png","https://twitter.com/sinclairstrange/status/1789994602679734724","I love Treasure."
"Mina the Hollower","https://i.imgur.com/KcSUAlu.gif","https://store.steampowered.com/app/1875580/Mina_the_Hollower/","Hey, remember Oracle of Ages?"
"The WereCleaner","https://i.imgur.com/4rQ7Ehu.jpeg","https://store.steampowered.com/app/2795000/The_WereCleaner/","Goofy fun."
"Rooftops & Alleys: The Parkour Game","https://i.imgur.com/rRMubny.jpeg","https://store.steampowered.com/app/2703850/Rooftops__Alleys_The_Parkour_Game/",""
"Who's Lila?","https://i.imgur.com/GHDoRfr.jpeg","https://store.steampowered.com/app/1697700/Whos_Lila/","Neat way of interacting."
"Sugar Isogu","https://i.imgur.com/T8ltphS.jpeg","https://store.steampowered.com/app/1752990/Sugar_Isogu/","Love me some good kicks."
"Rogue Voltage","https://i.imgur.com/xHpKBnR.jpeg","https://store.steampowered.com/app/1494560/Rogue_Voltage/","Tentatively interested. Love to see systems go."
"Path of Achra","https://i.imgur.com/c9i7hz8.jpeg","https://store.steampowered.com/app/2128270/Path_of_Achra/","The ROGUE itch is a tough one to scratch but this one does pretty well."
"Heading Out","https://i.imgur.com/SYwuwo8.jpeg","https://store.steampowered.com/app/1640630/Heading_Out/","Love the style."
"@RegalPigeon","https://i.imgur.com/pAX9Vdy.png","https://twitter.com/RegalPigeon/status/1787098418264862835","I'm a sucker for Battle Network anything."
"Screenbound","https://i.imgur.com/ssnHFwj.jpeg","https://store.steampowered.com/app/2805070/Screenbound/","Very cool concept."
"DREDGE","https://i.imgur.com/IxKDOYW.jpeg","https://store.steampowered.com/app/1562430/DREDGE/","Peep the horrors."
"Cryptmaster","https://i.imgur.com/PUAUwZ6.jpeg","https://store.steampowered.com/app/1885110/Cryptmaster/","Mavis Beacon Teaches The True Names Of Dungeon Dwellers"
"Papers, Please","https://i.imgur.com/B7WtOWx.jpeg","https://store.steampowered.com/app/239030/Papers_Please/","GLORY TO ARSTOTZKA."
"4D Golf","https://i.imgur.com/KzZ2i4l.jpeg","https://store.steampowered.com/app/2147950/4D_Golf/",""
"Bye Sweet Carole","https://i.imgur.com/bAr3oCQ.jpeg","https://store.steampowered.com/app/2428980/Bye_Sweet_Carole/","Disney-style animation. Seems neat."
"Surmount: A Mountain Climbing Adventure","https://i.imgur.com/CVN2o9Q.jpeg","https://store.steampowered.com/app/1675000/Surmount_A_Mountain_Climbing_Adventure/",""
"All You Need is Help","https://i.imgur.com/qUCz7AT.png","https://twitter.com/PixelJunkNews/status/1785006270921236954","Terrible Tetris."
"@xewlupus","https://i.imgur.com/Y2YXYDM.png","https://twitter.com/xewlupus/status/1777149741731865076",""
"@Bandygrass","https://i.imgur.com/kyV1YIH.png","https://twitter.com/Bandygrass/status/1784662893600108578",""
"Ghost Hand","https://i.imgur.com/SdlMtZo.jpeg","https://store.steampowered.com/app/2563880/Ghost_Hand/",""
"Wind Runners","https://i.imgur.com/z1cPRsL.jpeg","https://store.steampowered.com/app/1101370/Wind_Runners/",""
"RADIOSOL","https://i.imgur.com/hcT8KVc.jpeg","https://store.steampowered.com/app/2934330/RADIOSOL/",""
"Citrus Shores","https://i.imgur.com/SGKD2GJ.png","https://twitter.com/Cornf_Blue/status/1784256540590952728",""
"Back to the Dawn","https://i.imgur.com/JrO99Iu.jpeg","https://store.steampowered.com/app/1735700/Back_to_the_Dawn/",""
"The Plucky Squire","https://i.imgur.com/alAhooD.png","https://twitter.com/apossf/status/1782769129532850182",""
"ESCHATOS","https://i.imgur.com/iK6wrAx.jpeg","https://store.steampowered.com/app/378770/ESCHATOS/",""
"SIGNALIS","https://i.imgur.com/a0BRGN8.jpeg","https://store.steampowered.com/app/1262350/SIGNALIS/","Looks great."
"WORLD OF HORROR","https://i.imgur.com/qMbyLEv.jpeg","https://store.steampowered.com/app/913740/WORLD_OF_HORROR/","Love me some Call of Cthulu."
"Momodora: Moonlit Farewell","https://i.imgur.com/4QKG59Q.jpeg","https://store.steampowered.com/app/1747760/Momodora_Moonlit_Farewell/",""
"Rusted Moss","https://i.imgur.com/b4DBWRu.jpeg","https://store.steampowered.com/app/1772830/Rusted_Moss/",""
"GNOSIA","https://i.imgur.com/ICMUvQ6.jpeg","https://store.steampowered.com/app/1608290/GNOSIA/","Among Us with more flair."
"Va-11 Hall-A: Cyberpunk Bartender Action","https://i.imgur.com/bTNIGDO.jpeg","https://store.steampowered.com/app/447530/VA11_HallA_Cyberpunk_Bartender_Action/",""
"La-Mulana","https://i.imgur.com/WQLV4KX.jpeg","https://store.steampowered.com/app/230700/LaMulana/","*Indiana Jones music plays*"
"La-Mulana 2","https://i.imgur.com/I39Z3fl.jpeg","https://store.steampowered.com/app/835430/LaMulana_2/","*Indiana Jones music intensifies*"
"NIGHTMARE OPERATOR","https://i.imgur.com/hz6wUIa.jpeg","https://store.steampowered.com/app/2957360/NIGHTMARE_OPERATOR/","PSP-core, baby."
"Parking Garage Rally Circuit","https://i.imgur.com/OKNHFG0.jpeg","https://store.steampowered.com/app/2737300/Parking_Garage_Rally_Circuit/","Initial D. INITIAL D!"
"Dream Tactics","https://i.imgur.com/4t1JkAL.jpeg","https://store.steampowered.com/app/1897650/Dream_Tactics/",""
"ENA: Dream BBQ","https://i.imgur.com/e0lMoPl.jpeg","https://store.steampowered.com/app/2134320/ENA_Dream_BBQ/","Ugh. Another ENA troublemaker."
"Penny's Big Breakaway","https://i.imgur.com/jX7s3q1.jpeg","https://store.steampowered.com/app/1955230/Pennys_Big_Breakaway/",""
"The Big Catch","https://i.imgur.com/Wi1GOS3.jpeg","https://store.steampowered.com/app/2146290/The_Big_Catch/","Absolutely looking forward to this one."
"Harold Halibut","https://i.imgur.com/FGY5tCn.jpeg","https://store.steampowered.com/app/924750/Harold_Halibut/","Looks incredible."
"@melonkoi","https://i.imgur.com/xv74Zc5.png","https://twitter.com/melonkoi/status/1779322326309384563","Battle Network fans stay winning."
"Decline's Drops","https://i.imgur.com/KDXFJhi.png","https://twitter.com/moulinauxbulles/status/1781011293010366774","Punch your problems away."
"Precursor","https://i.imgur.com/42MRWyY.png","https://twitter.com/JanOrszulik/status/1781013720476315848","Incredible pixel art destruction."
"Bumpers & Broadswords Maximum","https://i.imgur.com/WUaWwex.png","https://hwilson.itch.io/bbmax","Remember Tin Pin Slammers from 'The World Ends with You'?"
"Ants Took My Eyeball","https://i.imgur.com/qVHSCkI.jpeg","https://store.steampowered.com/app/1627890/Ants_Took_My_Eyeball/",""
"Mojito the Cat","https://i.imgur.com/rbmWHbO.jpeg","https://store.steampowered.com/app/1798950/Mojito_the_Cat/",""
"Dungeons of Hinterberg","https://i.imgur.com/pqnjjyF.png","https://twitter.com/MicrobirdGames/status/1775143085489438885",""
"Sunset Devils","https://i.imgur.com/6CCErtj.jpeg","https://store.steampowered.com/app/2695810/Sunset_Devils/","Unique control scheme."
"Ruffy and the Riverside","https://i.imgur.com/GsQR3qD.jpeg","https://store.steampowered.com/app/1002260/Ruffy_and_the_Riverside/",""
"MINDWAVE","https://i.imgur.com/gGkxHrR.jpeg","https://store.steampowered.com/app/2701030/MINDWAVE/","Love me some WarioWare games."
"Knuckle Sandwich","https://i.imgur.com/6Rsbs72.jpeg","https://store.steampowered.com/app/1012570/Knuckle_Sandwich/","Love me some WarioWare games."
"@AlexStrook","https://i.imgur.com/Y42lDrv.png","https://twitter.com/AlexStrook/status/1778831995528720846","Reminded me of Jet Lancer meets Starfox."
"RollScape","https://i.imgur.com/qwADBTw.jpeg","https://store.steampowered.com/app/2904290/RollScape/","DICE."
"DemonCrawl","https://i.imgur.com/iD2EdMM.jpeg","https://store.steampowered.com/app/1141220/DemonCrawl/","Cool take on Minesweeper."
"Airframe Ultra","https://i.imgur.com/wtsJEcY.jpeg","https://store.steampowered.com/app/2522120/Airframe_Ultra/","Love the vibe."
"@andmish","https://i.imgur.com/mjTeIeS.png","https://twitter.com/andmish/status/1775493287773643002",""
"@artofsully","https://i.imgur.com/WtUSu1r.png","https://twitter.com/artofsully/status/1773427538276065721",""
"Record of Lodoss War-Deedlit in Wonder Labyrinth-","https://i.imgur.com/rAdfLji.jpeg","https://store.steampowered.com/app/1203630/Record_of_Lodoss_WarDeedlit_in_Wonder_Labyrinth/","Great pixel art."
"DRAINUS","https://i.imgur.com/2LHhvEy.jpeg","https://store.steampowered.com/app/1975360/DRAINUS/","More shoot-bang."
"Touhou: Luna Nights","https://i.imgur.com/LovHyyG.jpeg","https://store.steampowered.com/app/851100/Touhou_Luna_Nights/","Great pixel art."
"Hand of the Divine","https://i.imgur.com/teWFRoV.png","https://play.date/games/hand-of-the-divine/",""
"what the CROW?!","https://i.imgur.com/LdgF3Hx.png","https://play.date/games/what-the-crow/",""
"Mars After Midnight","https://i.imgur.com/w5V4vqy.png","https://play.date/games/mars-after-midnight/",""
"Pullfrog Playdate Deluxe","https://i.imgur.com/Kbtuy75.png","https://play.date/games/pullfrog/",""
"Under The Castle","https://i.imgur.com/WD0u7LH.png","https://play.date/games/under-the-castle/",""
"The Zachtronics Puzzle Pack","https://i.imgur.com/jwu4JOv.png","https://store.steampowered.com/bundle/2925/The_Zachtronics_Puzzle_Pack/","Too many bangers in here."
"NERTS! Online","https://i.imgur.com/edEXYp5.jpeg","https://store.steampowered.com/app/1131190/NERTS_Online/","You will feel the gears in your brain working overtime."
"Dwarf Fortress","https://i.imgur.com/Qi12tGm.jpeg","https://store.steampowered.com/app/975370/Dwarf_Fortress/","d0rf."
"Mosa Lina","https://i.imgur.com/21pNtkE.jpeg","https://store.steampowered.com/app/2477090/Mosa_Lina/","[Action.]"
"Sea of Stars","https://i.imgur.com/WahK6sQ.jpeg","https://store.steampowered.com/app/1244090/Sea_of_Stars/","Great looking RPG."
"Cobalt Core","https://i.imgur.com/ha5aSri.jpeg","https://store.steampowered.com/app/2179850/Cobalt_Core/","Cool deckbuilder."
"The Zachtronics Solitaire Collection","https://i.imgur.com/Wzp0TP5.jpeg","https://store.steampowered.com/app/1988540/The_Zachtronics_Solitaire_Collection/","*hides 150+ wins on Fortune's Foundation* I don't have a problem; you do."
"Disco Elysium","https://i.imgur.com/4slsqHB.jpeg","https://store.steampowered.com/app/632470/Disco_Elysium__The_Final_Cut/","Great storytelling."
"Balatro","https://i.imgur.com/IA4rtGc.jpeg","https://store.steampowered.com/app/2379780/Balatro/","Batman HATES this game."
"Touhou: Lost Branch of Legend","https://i.imgur.com/Drbv6Wi.jpeg","https://store.steampowered.com/app/1140150/Touhou_Lost_Branch_of_Legend/","Refined Slay the Sprire with MTG mana mechanics."
"Bomb Rush Cyberfunk","https://i.imgur.com/DyeP4d4.jpeg","https://store.steampowered.com/app/1353230/Bomb_Rush_Cyberfunk/","you better watch yo back, yo, watch your back, yo"
"Shotgun King: The Final Checkmate","https://i.imgur.com/JLBBwZh.jpeg","https://store.steampowered.com/app/1972440/Shotgun_King_The_Final_Checkmate/",""
"Void Stranger","https://i.imgur.com/6Qpcqw5.jpeg","https://store.steampowered.com/app/2121980/Void_Stranger/","Narrative-driven Sokoban was not on my bingo card."
"5D Chess With Multiverse Time Travel","https://i.imgur.com/sbYyw3Y.jpeg","https://store.steampowered.com/app/1349230/5D_Chess_With_Multiverse_Time_Travel/","Checkmate them in the past."
"HITMAN: World of Assassination","https://i.imgur.com/ufkmK8z.jpeg","https://store.steampowered.com/app/1659040/HITMAN_World_of_Assassination/",""
"Rift Wizard 2","https://i.imgur.com/2Ftsoy4.jpeg","https://store.steampowered.com/app/2058570/Rift_Wizard_2/","Bit rough around the edges but number go up."
"Darkwood","https://i.imgur.com/PsxuAlY.jpeg","https://store.steampowered.com/app/274520/Darkwood/","Most replayed and recommended game."
"(the) Gnorp Apologue","https://i.imgur.com/SVXLFMO.jpeg","https://store.steampowered.com/app/1473350/the_Gnorp_Apologue/","Idle game that respects your time a bit more."
"Retro Gadgets","https://i.imgur.com/Ffj1gFN.jpeg","https://store.steampowered.com/app/1730260/Retro_Gadgets/","Wanna make your own Tiger Electronics handheld?"
"Pizza Tower","https://i.imgur.com/ErJG49B.jpeg","https://store.steampowered.com/app/2231450/Pizza_Tower/","Y'all ready to get funky?"
"Midnight Fight Express","https://i.imgur.com/Cc2OZSe.jpeg","https://store.steampowered.com/app/1390410/Midnight_Fight_Express/","Always be throwing hands."
"Mecha Simultactics","https://i.imgur.com/JIWQGTB.jpeg","https://store.steampowered.com/app/2738660/Mecha_Simultactics/","YOMI Hustle with mechs. Very curious."
"N++","https://i.imgur.com/rqTBOtZ.jpeg","https://store.steampowered.com/app/230270/N_NPLUSPLUS/","The classic, refined."
"Hylics 2","https://i.imgur.com/3VFAMBL.jpeg","https://store.steampowered.com/app/1286710/Hylics_2/","Love the look."
"Critters for Sale","https://i.imgur.com/dAAMvWr.jpeg","https://store.steampowered.com/app/1078420/Critters_for_Sale/","LOVE the look."
"Ex-Zodiac","https://i.imgur.com/BuLSvu1.jpeg","https://store.steampowered.com/app/1249480/ExZodiac/","Starfox."
"Felvidek","https://i.imgur.com/udmUhzk.jpeg","https://store.steampowered.com/app/2299900/Felvidek/",""
"The Many Pieces of Mr. Coo","https://i.imgur.com/EdpsRcq.jpeg","https://store.steampowered.com/app/1602560/The_Many_Pieces_of_Mr_Coo/","Amazing animations."
"Transistor","https://i.imgur.com/eoeS2Ej.jpeg","https://store.steampowered.com/app/237930/Transistor/","Supergiant game. Automatic include."
"Kingdoms of the Dump","https://i.imgur.com/2uZFAoa.png","https://twitter.com/DumpKingdoms/status/1761349703289946393","Love the look."
"MARVEL SNAP","https://i.imgur.com/JsBoI6Y.jpeg","https://store.steampowered.com/app/1997040/MARVEL_SNAP/","The only card game in recent memory to do something COMPLETELY different yet still approachable."
"Coromon","https://i.imgur.com/jzjUMAv.jpeg","https://store.steampowered.com/app/1218210/Coromon/","Looks like a solid refinement of the monster-collecting genre."
"Quadrilateral Cowboy","https://i.imgur.com/Mk5X1Ke.jpeg","https://store.steampowered.com/app/240440/Quadrilateral_Cowboy/","I'm a sucker for these weird block people."
"Dicey Dungeons","https://i.imgur.com/GkJVNna.jpeg","https://store.steampowered.com/app/861540/Dicey_Dungeons/","There can never be enough dice games."
"Your Only Move is HUSTLE","https://i.imgur.com/qzpoSXi.jpeg","https://store.steampowered.com/app/2212330/Your_Only_Move_Is_HUSTLE/","Excellent take on making Toribash approachable but bogged down by constant fundamental changes."
"The Cat Lady","https://i.imgur.com/SuLn0n2.jpeg","https://store.steampowered.com/app/253110/The_Cat_Lady/","Great aesthetic."
"Hypnospace Outlaw","https://i.imgur.com/9jD6t1l.jpeg","https://store.steampowered.com/app/844590/Hypnospace_Outlaw/",""
"Brutal Orchestra","https://i.imgur.com/BEM58ZA.jpeg","https://store.steampowered.com/app/1734320/Brutal_Orchestra/",""
"Invisible, Inc","https://i.imgur.com/ANKB6Ef.jpeg","https://store.steampowered.com/app/243970/Invisible_Inc/",""
"Lethal League Blaze","https://i.imgur.com/wkg8sXw.jpeg","https://store.steampowered.com/app/553310/Lethal_League_Blaze/",""
"Baba is You","https://i.imgur.com/WqWmQiN.jpeg","https://store.steampowered.com/app/736260/Baba_Is_You/","Lemme know when you start speaking in three word sentences."
"Pepper Grinder","https://i.imgur.com/tqWtwn6.jpeg","https://store.steampowered.com/app/2076580/Pepper_Grinder/","Drill Dozer's BACK, baby!"
"Subsurface Circular","https://i.imgur.com/lRxHJ3P.jpeg","https://store.steampowered.com/app/676820/Subsurface_Circular/",""
"Sifu","https://i.imgur.com/F56r4ij.jpeg","https://store.steampowered.com/app/2138710/Sifu/","Throw hands."
"Super Lone Survivor","https://i.imgur.com/VOxDfI0.jpeg","https://store.steampowered.com/app/1907440/Super_Lone_Survivor/",""
"Noita","https://i.imgur.com/6su45Xe.jpeg","https://store.steampowered.com/app/881100/Noita/",""
"Lost Judgment","https://i.imgur.com/NxucDUK.jpeg","https://store.steampowered.com/app/2058190/Lost_Judgment/","Yakuza-like with more palatable combat."
"The Stanley Parable: Ultra Deluxe","https://i.imgur.com/TLLg9Mn.jpeg","https://store.steampowered.com/app/1703340/The_Stanley_Parable_Ultra_Deluxe/","Got many a sensible chuckle out of me."
"Pocket Crystal League","https://i.imgur.com/v5nVp0U.png","https://moodytail.itch.io/pocket-crystal-league","The cards, the cards, the cards will tell"
"Distance","https://i.imgur.com/Zu4BafQ.jpeg","https://store.steampowered.com/app/233610/Distance/","Racing game with horror trappings. Love it."
"Monster Sanctuary","https://i.imgur.com/ucEIsE7.jpeg","https://store.steampowered.com/app/814370/Monster_Sanctuary/","Looks good."
"Dead Cells","https://i.imgur.com/qE3dQbP.jpeg","https://store.steampowered.com/app/588650/Dead_Cells/","Action with undercurrent of number go up."
"Mirror's Edge","https://i.imgur.com/XcJa6u3.jpeg","https://store.steampowered.com/app/17410/Mirrors_Edge/","Love this look."
"Catherine Classic","https://i.imgur.com/CasuaTw.jpeg","https://store.steampowered.com/app/893180/Catherine_Classic/","e d g e"
"Keep Talking and Nobody Explodes","https://i.imgur.com/AjXllpx.jpeg","https://store.steampowered.com/app/341800/Keep_Talking_and_Nobody_Explodes/","Play it with mods."
"Potionomics","https://i.imgur.com/DVIH40F.jpeg","https://store.steampowered.com/app/1874490/Potionomics/","LOVE the animations."
"Fatum Betula","https://i.imgur.com/jRoYzlL.jpeg","https://store.steampowered.com/app/1281270/Fatum_Betula/",""
"Caves of Qud","https://i.imgur.com/tnZukB0.jpeg","https://store.steampowered.com/app/333640/Caves_of_Qud/","Love me some NetHack."
"Polymute","https://i.imgur.com/pIlZnxA.gif","https://linker.itch.io/polymute","Fun puzzle-y game."
"Grindstone","https://i.imgur.com/c9cYpsW.jpeg","https://store.steampowered.com/app/1818690/Grindstone/","Nice play on match-3."
"Helltaker","https://i.imgur.com/2lq06Hb.jpeg","https://store.steampowered.com/app/1289310/Helltaker/","I like the vibe. Justice is dope."
"Hades","https://i.imgur.com/nGaeN2j.jpeg","https://store.steampowered.com/app/1145360/Hades/","Supergiant game. Auto-include."
"A Short Hike","https://i.imgur.com/F9epg1b.gif","https://adamgryu.itch.io/a-short-hike","Cute."
"Battle Chef Brigade Deluxe","https://i.imgur.com/rGA2Jd3.jpeg","https://store.steampowered.com/app/452570/Battle_Chef_Brigade_Deluxe/","Knew the devs."
"Warframe","https://i.imgur.com/we5l13S.jpeg","https://store.steampowered.com/app/230410/Warframe/","I have a 6 forma Daikyu."
"My Familiar","https://i.imgur.com/MEOMRHA.jpg","https://store.steampowered.com/app/1502750/My_Familiar/","Great look."
"SUPERHOT","https://i.imgur.com/OLMak5v.jpeg","https://store.steampowered.com/app/322500/SUPERHOT/","SUPER. HOT."
"Manifold Garden","https://i.imgur.com/0ym82An.jpeg","https://store.steampowered.com/app/473950/Manifold_Garden/","Talked to the dev."
"Picayune Dreams","https://i.imgur.com/IubtQ5U.jpeg","https://store.steampowered.com/app/2088840/Picayune_Dreams/","Nice Survivors-like."
"Inscryption","https://i.imgur.com/6ecDUCT.jpeg","https://store.steampowered.com/app/1092790/Inscryption/","Great card game."
"ZeroRanger","https://i.imgur.com/yqfjjpr.jpeg","https://store.steampowered.com/app/809020/ZeroRanger/","Love the aesthetics."
"Critter Crosser","https://i.imgur.com/TwHmHRS.jpeg","https://store.steampowered.com/app/2792320/Critter_Crosser/","Love the way the creatures move."
"Return of the Obra Dinn","https://i.imgur.com/Q8Zbs3t.jpeg","https://store.steampowered.com/app/653530/Return_of_the_Obra_Dinn/","Fuck you, Brennan."
"Fear & Hunger 2: Termina","https://i.imgur.com/ljQyt54.jpeg","https://store.steampowered.com/app/2171440/Fear__Hunger_2_Termina/",""
"Jazzpunk","https://i.imgur.com/F1PxAxc.jpeg","https://store.steampowered.com/app/250260/Jazzpunk_Directors_Cut/","If you need me, I'll be in the wine cellar."
"Hotline Miami","https://i.imgur.com/401Xrdw.jpeg","https://store.steampowered.com/app/219150/Hotline_Miami/","*Hydrogen by M.O.O.N. plays*"
"Monster Train","https://i.imgur.com/og4sQhj.jpeg","https://store.steampowered.com/app/1102190/Monster_Train/","Nice refinement on the Slay the Spire formula."
"Starseed Pilgrim","https://i.imgur.com/ZJ3Eeh0.jpeg","https://store.steampowered.com/app/230980/Starseed_Pilgrim/","Still want to remake this game at some point."
"R4: Ridge Racer Type-4","https://i.imgur.com/VpGBcBU.jpeg","","Welcome to the world of Ridge Racer."
