"name","image","url","blurb","focus_code"
"Neidfyre","[img]https://i.imgur.com/gzXIxsv.jpeg[/img]","https://store.steampowered.com/app/4206080/Neidfyre/","",""
"LANESPLIT","[img]https://i.imgur.com/MFlcNyZ.jpeg[/img]","https://store.steampowered.com/app/3278310/LANESPLIT/","",""
"The Knightling","[img]https://i.imgur.com/2kosfeC.jpeg[/img]","https://store.steampowered.com/app/1471650/The_Knightling/","",""
"√âal√∫","[img]https://i.imgur.com/hPH3PKP.jpeg[/img]","https://store.steampowered.com/app/3560370/al/","No clue how to pronounce this one but it looks rad.",""
"Shrine's Legacy","[img]https://i.imgur.com/ATBYU4r.jpeg[/img]","https://store.steampowered.com/app/1435410/Shrines_Legacy/","",""
"Wizordum","[img]https://i.imgur.com/ArJj0nP.jpeg[/img]","https://store.steampowered.com/app/1715590/Wizordum/","",""
"BYTE","[img]https://i.imgur.com/8S4vfcE.jpeg[/img]","https://store.steampowered.com/app/2946750/BYTE/","",""
"The Great Villainess: Strategy of Lily","[img]https://i.imgur.com/cDuO1SP.jpeg[/img]","https://store.steampowered.com/app/2454960/The_Great_Villainess_Strategy_of_Lily/","",""
"Super Puzzled Cat","[img]https://i.imgur.com/QHd8oHv.jpeg[/img]","https://store.steampowered.com/app/2650350/Super_Puzzled_Cat/","Got those GameMaker 5.1 vibes.",""
"Desecrators","[img]https://i.imgur.com/aP9KE6L.jpeg[/img]","https://store.steampowered.com/app/1311570/Desecrators/","Loved Descent.",""
"Platypus Reclayed","[img]https://i.imgur.com/oHY9Qfs.jpeg[/img]","https://store.steampowered.com/app/2912430/Platypus_Reclayed/","Love the handmade vibe.",""
"Gales of Nayeli","[img]https://i.imgur.com/dsU2L60.jpeg[/img]","https://store.steampowered.com/app/1878490/Gales_of_Nayeli/","Ayo, systems? Units that feel different? Hol up...",""
"Advent NEON¬Æ","[img]https://i.imgur.com/BVvoBOR.jpeg[/img]","https://store.steampowered.com/app/1528260/Advent_NEON/","",""
"Consume Me","[img]https://i.imgur.com/Qdw4bGZ.jpeg[/img]","https://store.steampowered.com/app/2359120/Consume_Me/","This one is heavier than it looks. Mind your step.",""
"Pup Champs","[img]https://i.imgur.com/sxWOsGS.jpeg[/img]","https://store.steampowered.com/app/2848800/Pup_Champs/","",""
"Dimakerus","[img]https://i.imgur.com/OwaRp1m.jpeg[/img]","https://store.steampowered.com/app/1911340/Dimakerus/","Multiplayer Hotline Miami meets social deduction? I'm so down.",""
"The Fable: Manga Build Roguelike","[img]https://i.imgur.com/ww1T4nu.jpeg[/img]","https://store.steampowered.com/app/3187880/The_Fable_Manga_Build_Roguelike/","I loved deckbuilding with manga panels in Jump Ultimate Stars.","y"
"Blade Rush","[img]https://i.imgur.com/UNGsW4L.jpeg[/img]","https://store.steampowered.com/app/3238790/Blade_Rush/","",""
"Studio System : Guardian Angel","[img]https://i.imgur.com/KoB6VP4.jpeg[/img]","https://store.steampowered.com/app/2194790/Studio_System__Guardian_Angel/","",""
"Marisa of Liartop Mountain","[img]https://i.imgur.com/XXAMVvg.jpeg[/img]","https://store.steampowered.com/app/2514630/Marisa_of_Liartop_Mountain/","",""
"Y2ROLL","[img]https://i.imgur.com/e2BX9PN.jpeg[/img]","https://store.steampowered.com/app/3459420/Y2ROLL/","",""
"Touhou Witch's Night Market","[img]https://i.imgur.com/4d4DhlL.jpeg[/img]","https://store.steampowered.com/app/3950050/Touhou_Witchs_Night_Market/","The Bazaar but Touhou.",""
"This Ain't Even Poker, Ya Joker","[img]https://i.imgur.com/GE8rYGK.jpeg[/img]","https://store.steampowered.com/app/4038320/This_Aint_Even_Poker_Ya_Joker/","",""
"Factory 95","[img]https://i.imgur.com/xo60tfq.jpeg[/img]","https://store.steampowered.com/app/3987250/Factory_95/","",""
"Alt+F4","[img]https://i.imgur.com/ho0QtE4.jpeg[/img]","https://store.steampowered.com/app/4003590/AltF4/","",""
"Mariachi Legends","[img]https://i.imgur.com/CmBPjxh.jpeg[/img]","https://store.steampowered.com/app/2376260/Mariachi_Legends/","",""
"ReStory: Chill Electronics Repairs","[img]https://i.imgur.com/KRoYxD6.jpeg[/img]","https://store.steampowered.com/app/3812600/ReStory_Chill_Electronics_Repairs/","",""
"Ultimate Sheep Raccoon","[img]https://i.imgur.com/9LG4YGw.jpeg[/img]","https://store.steampowered.com/app/2923350/Ultimate_Sheep_Raccoon/","",""
"Silver Bullet","[img]https://i.imgur.com/0KEYZVZ.jpeg[/img]","https://store.steampowered.com/app/2818130/Silver_Bullet/","",""
"Gunmetal Gothic","[img]https://i.imgur.com/JpB7ZUe.jpeg[/img]","https://store.steampowered.com/app/2248150/Gunmetal_Gothic/","",""
"Tarnished Blood ü©∏ [Tactic RPG]","[img]https://i.imgur.com/tnwG5GV.jpeg[/img]","https://store.steampowered.com/app/2291700/Tarnished_Blood__Tactic_RPG/","",""
"Mohrta","[img]https://i.imgur.com/pVljBt4.jpeg[/img]","https://store.steampowered.com/app/2881610/Mohrta/","Pilebunker.",""
"The Bleakest Keep","[img]https://i.imgur.com/DpSFiWT.jpeg[/img]","https://store.steampowered.com/app/3231520/The_Bleakest_Keep/","",""
"Effulgence RPG","[img]https://i.imgur.com/w6kI06D.jpeg[/img]","https://store.steampowered.com/app/3302080/Effulgence_RPG/","Looks sick.",""
"Neath","[img]https://i.imgur.com/wkNVYv3.jpeg[/img]","https://store.steampowered.com/app/3749830/Neath/","",""
"SULFUR","[img]https://i.imgur.com/yTDp8n4.jpeg[/img]","https://store.steampowered.com/app/2124120/SULFUR/","",""
"MEDIX","[img]https://i.imgur.com/NI4dlI9.jpeg[/img]","https://store.steampowered.com/app/3405140/MEDIX/","",""
"Time To Wake Up","[img]https://i.imgur.com/AfoLIIs.jpeg[/img]","https://store.steampowered.com/app/2509870/Time_To_Wake_Up/","Love the concept.",""
"Unshine Arcade","[img]https://i.imgur.com/w4a6Sue.jpeg[/img]","https://store.steampowered.com/app/3694100/Unshine_Arcade/","Uh-oh! Back to the Pit again, oh no!",""
"Turnbound","[img]https://i.imgur.com/G6SUNs3.jpeg[/img]","https://store.steampowered.com/app/3802470/Turnbound/","",""
"Tower Petroleum","[img]https://i.imgur.com/cJR7tKJ.jpeg[/img]","https://store.steampowered.com/app/3232480/Tower_Petroleum/","",""
"Temple of Revi","[img]https://i.imgur.com/18T23AL.jpeg[/img]","https://store.steampowered.com/app/1750440/Temple_of_Revi/","",""
"Into The Grid","[img]https://i.imgur.com/bdUaRV6.jpeg[/img]","https://store.steampowered.com/app/2576200/Into_The_Grid/","",""
"Knuckle Jet","[img]https://i.imgur.com/CYwckIi.jpeg[/img]","https://store.steampowered.com/app/3199470/Knuckle_Jet/","",""
"Ringash","[img]https://i.imgur.com/sm9tNjT.jpeg[/img]","https://store.steampowered.com/app/2323140/Ringash/","Top-down/isometric DMC? I'm in",""
"Bat to the Heavens","[img]https://i.imgur.com/O00DE4M.png[/img]","https://store.steampowered.com/app/3044100/Bat_to_the_Heavens/","*creach*",""
"Milk outside a bag of milk outside a bag of milk","[img]https://i.imgur.com/4mjbqel.jpeg[/img]","https://store.steampowered.com/app/1604000/Milk_outside_a_bag_of_milk_outside_a_bag_of_milk/","",""
"Milk inside a bag of milk inside a bag of milk","[img]https://i.imgur.com/tPwd8p2.jpeg[/img]","https://store.steampowered.com/app/1392820/Milk_inside_a_bag_of_milk_inside_a_bag_of_milk/","",""
"It Steals","[img]https://i.imgur.com/4yWtUrm.jpeg[/img]","https://store.steampowered.com/app/1349060/It_Steals/","",""
"Sektori","[img]https://i.imgur.com/csj5ZQL.jpeg[/img]","https://store.steampowered.com/app/2105620/Sektori/","",""
"BIRDCAGE","[img]https://i.imgur.com/NOSqNLK.jpeg[/img]","https://store.steampowered.com/app/2158550/BIRDCAGE/","There's a certain energy about this one.",""
"Moonring","[img]https://i.imgur.com/I37ptyr.jpeg[/img]","https://store.steampowered.com/app/2373630/Moonring/","",""
"Pluto","[img]https://i.imgur.com/OAQSDl5.jpeg[/img]","https://store.steampowered.com/app/3057670/Pluto/","",""
"LOOTPLOT","[img]https://i.imgur.com/GsGZ4fY.jpeg[/img]","https://store.steampowered.com/app/3057190/LOOTPLOT/","",""
"XENOTILT: HOSTILE PINBALL ACTION","[img]https://i.imgur.com/lC2FrAG.jpeg[/img]","https://store.steampowered.com/app/2008980/XENOTILT_HOSTILE_PINBALL_ACTION/","",""
"DEMON'S TILT","[img]https://i.imgur.com/5Uulqd2.jpeg[/img]","https://store.steampowered.com/app/422510/DEMONS_TILT/","",""
"√ñoo","[img]https://i.imgur.com/rPDqpWV.jpeg[/img]","https://store.steampowered.com/app/2721890/oo/","",""
"Broomstick Exorcist","[img]https://i.imgur.com/oKatrpc.jpeg[/img]","https://store.steampowered.com/app/3411060/Broomstick_Exorcist/","",""
"A Robot Named Fight!","[img]https://i.imgur.com/kIIy2jg.jpeg[/img]","https://store.steampowered.com/app/603530/A_Robot_Named_Fight/","",""
"Chained Echoes","[img]https://i.imgur.com/wCZ1amh.jpeg[/img]","https://store.steampowered.com/app/1229240/Chained_Echoes/","",""
"FINAL FANTASY TACTICS - The Ivalice Chronicles","[img]https://i.imgur.com/cvoDXlu.jpeg[/img]","https://store.steampowered.com/app/1004640/FINAL_FANTASY_TACTICS__The_Ivalice_Chronicles/","",""
"Deathsmiles","[img]https://i.imgur.com/yDNZIWb.jpeg[/img]","https://store.steampowered.com/app/314180/Deathsmiles/","",""
"Crystals of Irm","[img]https://i.imgur.com/Tofn8kA.jpeg[/img]","https://store.steampowered.com/app/1971470/Crystals_Of_Irm/","",""
"Calculate It","[img]https://i.imgur.com/E42mV65.jpeg[/img]","https://store.steampowered.com/app/3043740/Calculate_It/","Anything can be a roguelike.",""
"Brew","[img]https://i.imgur.com/vpZt5Vv.jpeg[/img]","https://store.steampowered.com/app/1793330/Brew/","",""
"Project Shikai","[img]https://i.imgur.com/hK0BOoD.jpeg[/img]","https://store.steampowered.com/app/2283230/Project_Shikai/","",""
"Demonschool","[img]https://i.imgur.com/KVP1EUJ.jpeg[/img]","https://store.steampowered.com/app/1900250/Demonschool/","",""
"DOG WITCH","[img]https://i.imgur.com/danVpx2.jpeg[/img]","https://store.steampowered.com/app/3548520/DOG_WITCH/","",""
"Dwarves: Glory, Death and Loot","[img]https://i.imgur.com/sGivUXL.jpeg[/img]","https://store.steampowered.com/app/2205850/Dwarves_Glory_Death_and_Loot/","",""
"ROGUE FLIGHT","[img]https://i.imgur.com/q6Md1Kt.jpeg[/img]","https://store.steampowered.com/app/2784620/ROGUE_FLIGHT/","",""
"Mixolumia","[img]https://i.imgur.com/ynVRxFa.jpeg[/img]","https://store.steampowered.com/app/1414020/Mixolumia/","",""
"The Ramp","[img]https://i.imgur.com/HjdVZ25.jpeg[/img]","https://store.steampowered.com/app/1506510/The_Ramp/","",""
"Risk System","[img]https://i.imgur.com/hWHfTjD.jpeg[/img]","https://store.steampowered.com/app/833950/Risk_System/","",""
"Bananner Nababber","[img]https://i.imgur.com/C3pSovF.jpeg[/img]","https://store.steampowered.com/app/2099440/Bananner_Nababber/","",""
"The Wratch's Den","[img]https://i.imgur.com/hrblr8m.jpeg[/img]","https://store.steampowered.com/app/1820470/The_Wratchs_Den/","PUNKCAKE game. Auto-include.",""
"Vampire's Best Friend","[img]https://i.imgur.com/QEZuLqk.jpeg[/img]","https://store.steampowered.com/app/3583530/Vampires_Best_Friend/","",""
"Quadrilla","[img]https://i.imgur.com/RnjywdR.jpeg[/img]","https://store.steampowered.com/app/2554780/Quadrilla/","",""
"Word Play","[img]https://i.imgur.com/v3Ydesj.jpeg[/img]","https://store.steampowered.com/app/3586660/Word_Play/","",""
"MotionRec","[img]https://i.imgur.com/1wEVEhO.jpeg[/img]","https://store.steampowered.com/app/2602230/MotionRec/","",""
"Chess Arena","[img]https://i.imgur.com/oiNHM5r.jpeg[/img]","https://store.steampowered.com/app/3202290/Chess_Arena/","",""
"Dead Finger Dice","[img]https://i.imgur.com/eESBSlb.jpeg[/img]","https://store.steampowered.com/app/3512300/Dead_Finger_Dice/","",""
"Hayaku! Island of Darkness","[img]https://i.imgur.com/35tQtjp.jpeg[/img]","https://store.steampowered.com/app/2402500/Hayaku_Island_of_Darkness/","",""
"The S√©ance of Blake Manor","[img]https://i.imgur.com/q37H6a1.jpeg[/img]","https://store.steampowered.com/app/1395520/The_Sance_of_Blake_Manor/","",""
"Darkwood 2","[img]https://i.imgur.com/4K8d27l.jpeg[/img]","https://store.steampowered.com/app/3708010/Darkwood_2/","YESSSS, RAHHHHHH",""
"CiniCross","[img]https://i.imgur.com/7LVXByi.jpeg[/img]","https://store.steampowered.com/app/3933120/CiniCross/","",""
"Project TurboBlast","[img]https://i.imgur.com/q4hbDma.jpeg[/img]","https://store.steampowered.com/app/3148560/Project_TurboBlast/","",""
"HYPERBEAT","[img]https://i.imgur.com/xPvN5k7.jpeg[/img]","https://store.steampowered.com/app/2263360/HYPERBEAT/","Tempest but with rhythm? I'm in.",""
"Webbed","[img]https://i.imgur.com/zjRxruf.jpeg[/img]","https://store.steampowered.com/app/1390350/Webbed/","",""
"Iron Corbo: Kung Fu Janitor","[img]https://i.imgur.com/uNscfoe.jpeg[/img]","https://store.steampowered.com/app/2185250/Iron_Corbo_Kung_Fu_Janitor/","",""
"Godshard Chronicles","[img]https://i.imgur.com/Af22F8j.jpeg[/img]","https://store.steampowered.com/app/1725980/Godshard_Chronicles/","",""
"Vital Shell","[img]https://i.imgur.com/guYGmjK.jpeg[/img]","https://store.steampowered.com/app/3741860/Vital_Shell/","",""
"Wizard Cats","[img]https://i.imgur.com/XR370uX.jpeg[/img]","https://store.steampowered.com/app/3176500/Wizard_Cats/","",""
"Wildcard","[img]https://i.imgur.com/zj7u3xq.jpeg[/img]","https://store.steampowered.com/app/497120/Wildcard/","",""
"Shelldiver","[img]https://i.imgur.com/s8S91gP.jpeg[/img]","https://store.steampowered.com/app/3862670/Shelldiver/","",""
"Coreward","[img]https://i.imgur.com/QAZJqq3.jpeg[/img]","https://store.steampowered.com/app/3695440/Coreward/","Mmm, systems.",""
"PROJECT LEVELS","[img]https://i.imgur.com/3CkZ83t.jpeg[/img]","https://store.steampowered.com/app/3848520/PROJECT_LEVELS/","I miss LittleBigPlanet and Dreams.",""
"Q-UP","[img]https://i.imgur.com/nm2Wuxi.jpeg[/img]","https://store.steampowered.com/app/3730790/QUP/","So curious about this.",""
"Tears of Metal","[img]https://i.imgur.com/1Pi981A.jpeg[/img]","https://store.steampowered.com/app/1913120/Tears_of_Metal/","",""
"Slots & Daggers","[img]https://i.imgur.com/NR9N6ak.jpeg[/img]","https://store.steampowered.com/app/3631290/Slots__Daggers/","",""
"Bootsies","[img]https://i.imgur.com/WlBz8Yy.jpeg[/img]","https://store.steampowered.com/app/3421590/Bootsies/","Run the ones.",""
"Reytrieve Odyssey","[img]https://i.imgur.com/YybBuxN.jpeg[/img]","https://store.steampowered.com/app/3798840/Reytrieve_Odyssey/","",""
"Stickman Mayhem","[img]https://i.imgur.com/uXhrgJY.jpeg[/img]","https://store.steampowered.com/app/3965610/Stickman_Mayhem/","Little bit of Sifu. Little bit of the Arkham series.",""
"Monsters are Coming! Rock & Road","[img]https://i.imgur.com/abTZslA.jpeg[/img]","https://store.steampowered.com/app/2934220/Monsters_are_Coming_Rock__Road/","",""
"CUFFBUST","[img]https://i.imgur.com/5s1l0XN.jpeg[/img]","https://store.steampowered.com/app/2592220/CUFFBUST/","Round up the crew, it's time to redeem a Shawshank.",""
"Tokyo Xtreme Racer","[img]https://i.imgur.com/urB7nEu.jpeg[/img]","https://store.steampowered.com/app/2634950/Tokyo_Xtreme_Racer/","",""
"Flick Shot Rogues","[img]https://i.imgur.com/CMlbOw5.jpeg[/img]","https://store.steampowered.com/app/2427450/Flick_Shot_Rogues/","Alexa, play the entire Carom Shot 1 OST.",""
"Crashout Crew","[img]https://i.imgur.com/Abv9LQI.jpeg[/img]","https://store.steampowered.com/app/3583210/Crashout_Crew/","",""
"WORLD WAR V: LAST CALL","[img]https://i.imgur.com/h3P0b4X.jpeg[/img]","https://store.steampowered.com/app/4031300/WORLD_WAR_V_LAST_CALL/","Very cool.",""
"Graytail","[img]https://i.imgur.com/KZdOvgM.jpeg[/img]","https://store.steampowered.com/app/2888960/Graytail/","",""
"Aethermancer","[img]https://i.imgur.com/ULUoGCH.jpeg[/img]","https://store.steampowered.com/app/2288470/Aethermancer/","",""
"Fantasy Maiden Wars - DREAM OF THE STRAY DREAMER -","[img]https://i.imgur.com/PRQpDxf.jpeg[/img]","https://store.steampowered.com/app/3575980/Fantasy_Maiden_Wars__DREAM_OF_THE_STRAY_DREAMER/","Looks great.",""
"Blanksword","[img]https://i.imgur.com/jr2KxcW.jpeg[/img]","https://store.steampowered.com/app/3484670/Blanksword/","",""
"TORSO TENNIS","[img]https://i.imgur.com/sJrH9xv.jpeg[/img]","https://store.steampowered.com/app/2824780/TORSO_TENNIS/","",""
"Another Door","[img]https://i.imgur.com/6xOE6sJ.jpeg[/img]","https://store.steampowered.com/app/2786760/Another_Door/","Co-op gamba with RPG elements? Hell yes.",""
"Astro Prospector","[img]https://i.imgur.com/Ii7l3Ad.jpeg[/img]","https://store.steampowered.com/app/3503440/Astro_Prospector/","",""
"Dogpile","[img]https://i.imgur.com/HVSPWqr.jpeg[/img]","https://store.steampowered.com/app/3839300/Dogpile/","Suika dogs!",""
"BAIONLENJA","[img]https://i.imgur.com/Fvwafrt.jpeg[/img]","https://store.steampowered.com/app/3509160/BAIONLENJA/","",""
"Umurangi Generation","[img]https://i.imgur.com/d9vqu1Y.jpeg[/img]","https://store.steampowered.com/app/1223500/Umurangi_Generation/","",""
"Man I Just Wanna Go Home","[img]https://i.imgur.com/TAh7ly9.jpeg[/img]","https://store.steampowered.com/app/3010070/Man_I_Just_Wanna_Go_Home/","Amazing look.",""
"Apocalypse Express","[img]https://i.imgur.com/5b8naz3.jpeg[/img]","https://store.steampowered.com/app/3223160/Apocalypse_Express/","Mad Max but with 100% more train.",""
"The King is Watching","[img]https://i.imgur.com/kRvYnvU.jpeg[/img]","https://store.steampowered.com/app/2753900/The_King_is_Watching/","",""
"Wander Stars","[img]https://i.imgur.com/rmLdUEl.jpeg[/img]","https://store.steampowered.com/app/1575810/Wander_Stars/","Hell yeah. Love the concept.",""
"Sushi Ben","[img]https://i.imgur.com/mlm0dSE.jpeg[/img]","https://store.steampowered.com/app/2419240/Sushi_Ben/","",""
"HYPERFUNK","[img]https://i.imgur.com/qEp8Mwi.jpeg[/img]","https://store.steampowered.com/app/3183480/HYPERFUNK/","Yeah, we're back like we never left.",""
"Corn Kidz 64","[img]https://i.imgur.com/14UPw6A.jpeg[/img]","https://store.steampowered.com/app/2575900/Corn_Kidz_64/","",""
"DELIVERY MUST COMPLETE","[img]https://i.imgur.com/cwoGckb.jpeg[/img]","https://store.steampowered.com/app/3639060/DELIVERY_MUST_COMPLETE/","",""
"Megabonk","[img]https://i.imgur.com/LTC0kwB.jpeg[/img]","https://store.steampowered.com/app/3405340/Megabonk/","",""
"Awaria","[img]https://i.imgur.com/druS7KE.jpeg[/img]","https://store.steampowered.com/app/3274300/Awaria/","",""
"RADIANT ELUSION","[img]https://i.imgur.com/xLSvNg5.jpeg[/img]","https://store.steampowered.com/app/3021220/RADIANT_ELUSION/","",""
"CARIMARA: Beneath the forlorn limbs","[img]https://i.imgur.com/6mWDfDF.jpeg[/img]","https://store.steampowered.com/app/3570370/CARIMARA_Beneath_the_forlorn_limbs/","Sick.",""
"Inkshade","[img]https://i.imgur.com/G5hxi0v.jpeg[/img]","https://store.steampowered.com/app/3141310/Inkshade/","",""
"Neon Inferno","[img]https://i.imgur.com/LXJHRZ1.jpeg[/img]","https://store.steampowered.com/app/2957720/Neon_Inferno/","Looks great.",""
"Star Garden","[img]https://i.imgur.com/jfDkH6b.jpeg[/img]","https://store.steampowered.com/app/3370970/Star_Garden/","Standalone Chao Garden? I'm listening...",""
"Last Train Outta' Wormtown","[img]https://i.imgur.com/HKdZt9q.jpeg[/img]","https://store.steampowered.com/app/2318480/Last_Train_Outta_Wormtown/","",""
"Passant: A Chess Roguelike","[img]https://i.imgur.com/ssPXWSQ.jpeg[/img]","https://store.steampowered.com/app/3353100/Passant_A_Chess_Roguelike/","",""
"Little Goody Two Shoes","[img]https://i.imgur.com/4ThlVFc.jpeg[/img]","https://store.steampowered.com/app/1812370/Little_Goody_Two_Shoes/","Great look.",""
"Atomicrops","[img]https://i.imgur.com/nsDBljO.jpeg[/img]","https://store.steampowered.com/app/757320/Atomicrops/","",""
"ROCKBEASTS","[img]https://i.imgur.com/ePgJSnu.jpeg[/img]","https://store.steampowered.com/app/1445880/ROCKBEASTS/","",""
"Is This Seat Taken?","[img]https://i.imgur.com/J2DDsQP.jpeg[/img]","https://store.steampowered.com/app/3035120/Is_This_Seat_Taken/","",""
"Glasshouse","[img]https://i.imgur.com/YcMGw3Q.jpeg[/img]","https://store.steampowered.com/app/2244700/Glasshouse/","",""
"Bubsy 4D","[img]https://i.imgur.com/7UHSHMw.jpeg[/img]","https://store.steampowered.com/app/3237970/Bubsy_4D/","",""
"Urban Myth Dissolution Center","[img]https://i.imgur.com/sYlUfqn.jpeg[/img]","https://store.steampowered.com/app/2089600/Urban_Myth_Dissolution_Center/","",""
"PVKK: Planetenverteidigungskanonenkommandant","[img]https://i.imgur.com/mZ1xsPI.jpeg[/img]","https://store.steampowered.com/app/2956040/PVKK_Planetenverteidigungskanonenkommandant/","Looks solid.",""
"Time Takers","[img]https://i.imgur.com/qQLTUUp.jpeg[/img]","https://store.steampowered.com/app/3596040/Time_Takers/","",""
"ZERO PARADES","[img]https://i.imgur.com/MxtL9Bn.jpeg[/img]","https://store.steampowered.com/app/2863680/ZERO_PARADES/","Hell yes.",""
"Long Gone","[img]https://i.imgur.com/PLb6N4V.jpeg[/img]","https://store.steampowered.com/app/1977610/Long_Gone/","",""
"Denshattack!","[img]https://i.imgur.com/N5avYHs.jpeg[/img]","http://store.steampowered.com/app/2524850/Denshattack/","",""
"Gloomy Eyes","[img]https://i.imgur.com/3aN9xiQ.jpeg[/img]","https://store.steampowered.com/app/2667950/Gloomy_Eyes/","Very Tim Burton.",""
"Kaizen: A Factory Story","[img]https://i.imgur.com/lmz8kYT.jpeg[/img]","https://store.steampowered.com/app/2275490/Kaizen_A_Factory_Story/","",""
"Songs of the Shore","[img]https://i.imgur.com/cAZVW99.jpeg[/img]","https://store.steampowered.com/app/3440130/Songs_of_the_Shore/","",""
"In Hope Voiden","[img]https://i.imgur.com/qfSa6nE.jpeg[/img]","http://store.steampowered.com/app/3726180/In_Hope_Voiden/","Looks great.",""
"FlyKnight","[img]https://i.imgur.com/4eJDI0z.jpeg[/img]","https://store.steampowered.com/app/3108510/FlyKnight/","",""
"RACCOIN: Coin Pusher Roguelike","[img]https://i.imgur.com/endAsYR.jpeg[/img]","https://store.steampowered.com/app/3784030/RACCOIN_Coin_Pusher_Roguelike/","",""
"VISEGUNNE","[img]https://i.imgur.com/kGMenn8.jpeg[/img]","https://store.steampowered.com/app/2882040/VISEGUNNE/","",""
"A Few Quick Matches","[img]https://i.imgur.com/cofPz1I.jpeg[/img]","https://store.steampowered.com/app/3805420/A_Few_Quick_Matches/","Ooooo.",""
"Quartet","[img]https://i.imgur.com/NkQTDGS.jpeg[/img]","https://store.steampowered.com/app/1307960/Quartet/","",""
"Dungeon Clawler","[img]https://i.imgur.com/sSDSsfQ.jpeg[/img]","https://store.steampowered.com/app/2356780/Dungeon_Clawler/","Claw machine deckbuilder? Yessirrrr",""
"Silent Planet - Elegy of a Dying World","[img]https://i.imgur.com/aZnYxsT.jpeg[/img]","https://store.steampowered.com/app/2742920/Silent_Planet__Elegy_of_a_Dying_World/","Looks sick.",""
"BLUE REVOLVER","[img]https://i.imgur.com/Vq5jwxO.jpeg[/img]","https://store.steampowered.com/app/439490/BLUE_REVOLVER/","",""
"Bogdan's Cross","[img]https://i.imgur.com/IMJrHxt.jpeg[/img]","https://store.steampowered.com/app/2503230/Bogdans_Cross/","Looks great.",""
"Locator","[img]https://i.imgur.com/vbIifj3.jpeg[/img]","https://store.steampowered.com/app/2459030/Locator/","",""
"Heartworm","[img]https://i.imgur.com/wOa8CVb.jpeg[/img]","https://store.steampowered.com/app/1257030/Heartworm/","",""
"Lunistice","[img]https://i.imgur.com/ibtv4lk.jpeg[/img]","https://store.steampowered.com/app/1701800/Lunistice/","",""
"Dorfromantik","[img]https://i.imgur.com/JnvDO8N.jpeg[/img]","https://store.steampowered.com/app/1455840/Dorfromantik/","",""
"Project Wingman","[img]https://i.imgur.com/Bquqqwe.jpeg[/img]","https://store.steampowered.com/app/895870/Project_Wingman/","*Spanish guitar intensifies*",""
"The Hungry Fly","[img]https://i.imgur.com/AohLnvg.jpeg[/img]","https://store.steampowered.com/app/2107180/The_Hungry_Fly/","",""
"Disc Room","[img]https://i.imgur.com/REnwsmL.jpeg[/img]","https://store.steampowered.com/app/1229580/Disc_Room/","",""
"Bloodless","[img]https://i.imgur.com/ANVq0se.jpeg[/img]","https://store.steampowered.com/app/1592490/Bloodless/","",""
"Beacon Pines","[img]https://i.imgur.com/vy5G1PL.jpeg[/img]","https://store.steampowered.com/app/1269640/Beacon_Pines/","",""
"Astalon: Tears of the Earth","[img]https://i.imgur.com/EpMr8S6.jpeg[/img]","https://store.steampowered.com/app/1046400/Astalon_Tears_of_the_Earth/","",""
"Clutchtime‚Ñ¢: Basketball Deckbuilder","[img]https://i.imgur.com/0kok7J4.jpeg[/img]","https://store.steampowered.com/app/2995450/Clutchtime_Basketball_Deckbuilder/","",""
"Home Safety Hotline","[img]https://i.imgur.com/brWrSSF.jpeg[/img]","https://store.steampowered.com/app/2357910/Home_Safety_Hotline/","",""
"Lonely Mountains: Snow Riders","[img]https://i.imgur.com/jYlziuz.jpeg[/img]","https://store.steampowered.com/app/2545360/Lonely_Mountains_Snow_Riders/","",""
"Dice Gambit","[img]https://i.imgur.com/G61LHwv.jpeg[/img]","https://store.steampowered.com/app/1812860/Dice_Gambit/","Feels very TROUBLESHOOTER.",""
"Intravenous II","[img]https://i.imgur.com/N3M2suI.jpeg[/img]","https://store.steampowered.com/app/2608270/Intravenous_2/","",""
"Haunted Lands","[img]https://i.imgur.com/adyrqMJ.jpeg[/img]","https://store.steampowered.com/app/2980900/Haunted_Lands/","Love that old CGA look.",""
"LOVE ETERNAL","[img]https://i.imgur.com/idKuci7.jpeg[/img]","https://store.steampowered.com/app/3010610/LOVE_ETERNAL/","",""
"FANTASY LIFE i: The Girl Who Steals Time","[img]https://i.imgur.com/npHv70T.jpeg[/img]","https://store.steampowered.com/app/2993780/FANTASY_LIFE_i_The_Girl_Who_Steals_Time/","",""
"Ecstatic","[img]https://i.imgur.com/r1sJ667.jpeg[/img]","https://store.steampowered.com/app/2330300/Ecstatic/","PUNKCAKE game. Easy include.",""
"Into the Necrovale","[img]https://i.imgur.com/jhaUf3z.jpeg[/img]","https://store.steampowered.com/app/1717090/Into_the_Necrovale/","",""
"Kingdom of Night","[img]https://i.imgur.com/OBccEEN.jpeg[/img]","https://store.steampowered.com/app/1094600/Kingdom_of_Night/","Finally, 'Zombies Ate My Neighbors!' 2",""
"They Call It Gravity","[img]https://i.imgur.com/a3CMJhu.jpeg[/img]","https://store.steampowered.com/app/3759740/They_Call_It_Gravity/","",""
"TETRIS¬Æ THE GRAND MASTER 4 -ABSOLUTE EYE-","[img]https://i.imgur.com/uUj90aK.jpeg[/img]","https://store.steampowered.com/app/3328480/TETRIS_THE_GRAND_MASTER_4_ABSOLUTE_EYE/","Godspeed.",""
"Apomo District","[img]https://i.imgur.com/P4YGWgP.jpeg[/img]","https://store.steampowered.com/app/2939100/Apomo_District/","",""
"Barony","[img]https://i.imgur.com/8XXXjhu.jpeg[/img]","https://store.steampowered.com/app/371970/Barony/","Hell yeah.",""
"My Friendly Neighborhood","[img]https://i.imgur.com/lGYVkXL.jpeg[/img]","https://store.steampowered.com/app/1574260/My_Friendly_Neighborhood/","",""
"DEAD LETTER DEPT.","[img]https://i.imgur.com/0osIMns.jpeg[/img]","https://store.steampowered.com/app/1627350/DEAD_LETTER_DEPT/","",""
"Starless Abyss","[img]https://i.imgur.com/cPSRQvX.jpeg[/img]","https://store.steampowered.com/app/3167970/Starless_Abyss/","",""
"Super Fantasy Kingdom","[img]https://i.imgur.com/0ljXnLZ.jpeg[/img]","https://store.steampowered.com/app/2289750/Super_Fantasy_Kingdom/","Cool tower defense town builder.",""
"Late Homework | ÈÅÖ„Çå„ÅüÂÆøÈ°å","[img]https://i.imgur.com/WeL0CL4.jpeg[/img]","https://store.steampowered.com/app/3215660/Late_Homework/","Looks great.",""
"Lelu","[img]https://i.imgur.com/cebKWjh.jpeg[/img]","https://store.steampowered.com/app/3131340/Lelu/","",""
"Deck of Haunts","[img]https://i.imgur.com/zFplxS2.jpeg[/img]","https://store.steampowered.com/app/3179730/Deck_of_Haunts/","Hey, do you like 'Betrayal at House on the Hill'?",""
"ANEURISM IV","[img]https://i.imgur.com/7VP8RDQ.jpeg[/img]","https://store.steampowered.com/app/2773280/ANEURISM_IV/","Bring friends. This is like THE streamer collab imsim.",""
"Go Home Annie","[img]https://i.imgur.com/qj2XiTT.jpeg[/img]","https://store.steampowered.com/app/1939100/Go_Home_Annie/","",""
"CLICKOLDING","[img]https://i.imgur.com/ejSHivq.jpeg[/img]","https://store.steampowered.com/app/3011440/CLICKOLDING/","",""
"Railborn","[img]https://i.imgur.com/LhrTRp3.jpeg[/img]","https://store.steampowered.com/app/2340970/Railborn/","",""
"Candy Rangers","[img]https://i.imgur.com/ZPlaNSo.jpeg[/img]","https://store.steampowered.com/app/2787680/Candy_Rangers/","As a toku fan, I simply must include it.",""
"BOOK OF HOURS","[img]https://i.imgur.com/ThYLeTq.jpeg[/img]","https://store.steampowered.com/app/1028310/BOOK_OF_HOURS/","",""
"The Complex: Expedition","[img]https://i.imgur.com/YimARiQ.jpeg[/img]","https://store.steampowered.com/app/2172260/The_Complex_Expedition/","The way the game feels like found footage is NUTS.",""
"Pseudoregalia","[img]https://i.imgur.com/M4C1MCE.jpeg[/img]","https://store.steampowered.com/app/2365810/Pseudoregalia/","",""
"Teardown","[img]https://i.imgur.com/hSH8lRP.jpeg[/img]","https://store.steampowered.com/app/1167630/Teardown/","",""
"Teeto","[img]https://i.imgur.com/v0TBiB8.jpeg[/img]","https://store.steampowered.com/app/2783370/Teeto/","",""
"Garden Trills","[img]https://i.imgur.com/wvCVYmS.jpeg[/img]","https://store.steampowered.com/app/2669500/Garden_Trills/","birb",""
"Cassette Beasts","[img]https://i.imgur.com/LAEHJcq.jpeg[/img]","https://store.steampowered.com/app/1321440/Cassette_Beasts/","This game does some cool stuff, man.",""
"Odd Town","[img]https://i.imgur.com/eAuDKpp.jpeg[/img]","https://store.steampowered.com/app/2688780/Odd_Town/","Love me some imsim.",""
"Artis Impact","[img]https://i.imgur.com/iarALTY.jpeg[/img]","https://store.steampowered.com/app/1864000/Artis_Impact/","Very cool look.",""
"Dark Deity II","[img]https://i.imgur.com/rnG75rT.jpeg[/img]","https://store.steampowered.com/app/2446600/Dark_Deity_2/","I saw enough systems in here to acquiesce. Please forgive me, Advance Wars, I still love you, bby",""
"Deliver At All Costs","[img]https://i.imgur.com/LhkeULu.jpeg[/img]","https://store.steampowered.com/app/1880610/Deliver_At_All_Costs/","",""
"Gloomwood","[img]https://i.imgur.com/9SenZXr.jpeg[/img]","https://store.steampowered.com/app/1150760/Gloomwood/","",""
"My Work Is Not Yet Done","[img]https://i.imgur.com/gorrJcF.jpeg[/img]","https://store.steampowered.com/app/1207690/My_Work_Is_Not_Yet_Done/","",""
"Mircea","[img]https://i.imgur.com/PCUW5Oi.jpeg[/img]","https://store.steampowered.com/app/3252240/Mircea/","Love the idea of Animal Crossing horror.",""
"No Man's Sky","[img]https://i.imgur.com/S34TQiY.jpeg[/img]","https://store.steampowered.com/app/275850/No_Mans_Sky/","Y'all know it. Y'all love it (now).",""
"Echo Weaver","[img]https://i.imgur.com/McdDrvo.jpeg[/img]","https://store.steampowered.com/app/2184080/Echo_Weaver/","",""
"Please Insert Disc","[img]https://i.imgur.com/K3Uwaoe.jpeg[/img]","https://store.steampowered.com/app/2855360/Please_Insert_Disc/","",""
"Dead Station Files","[img]https://i.imgur.com/9nBrjUa.jpeg[/img]","https://store.steampowered.com/app/3687410/Dead_Station_Files/","",""
"Death Howl","[img]https://i.imgur.com/1lvHXCb.jpeg[/img]","https://store.steampowered.com/app/2825880/Death_Howl/","",""
"ARSONATE","[img]https://i.imgur.com/VgjGrLt.jpeg[/img]","https://store.steampowered.com/app/2822980/ARSONATE/","If you liked Buckshot Roulette and CloverPit, you'll probably dig this.",""
"Cabernet","[img]https://i.imgur.com/A5KbAUG.jpeg[/img]","https://store.steampowered.com/app/2401410/Cabernet/","Looks great.",""
"Whisper Mountain Outbreak","[img]https://i.imgur.com/n2EbzxJ.jpeg[/img]","https://store.steampowered.com/app/1953230/Whisper_Mountain_Outbreak/","",""
"White Knuckle","[img]https://i.imgur.com/aUyydgE.jpeg[/img]","https://store.steampowered.com/app/3195790/White_Knuckle/","Very cool game.",""
"Earthion","[img]https://i.imgur.com/QPjmu01.jpeg[/img]","https://store.steampowered.com/app/3597580/Earthion/","",""
"WitchHand","[img]https://i.imgur.com/5mXmyBy.jpeg[/img]","https://store.steampowered.com/app/2420880/WitchHand/","I think I like these 'stack-cards-to-create-event' games.",""
"Blood Typers","[img]https://i.imgur.com/YFBYqLT.jpeg[/img]","https://store.steampowered.com/app/2790330/Blood_Typers/","fuck u *types your dead*",""
"Fights in Tight Spaces","[img]https://i.imgur.com/nzjTFlv.jpeg[/img]","https://store.steampowered.com/app/1265820/Fights_in_Tight_Spaces/","",""
"Path of the Abyss","[img]https://i.imgur.com/YIiGlCP.jpeg[/img]","https://store.steampowered.com/app/1768650/Path_of_the_Abyss/","",""
"Void Bastards","[img]https://i.imgur.com/r7RKkZN.jpeg[/img]","https://store.steampowered.com/app/857980/Void_Bastards/","",""
"Cosmoteer: Starship Architect & Commander","[img]https://i.imgur.com/HxtunKs.jpeg[/img]","https://store.steampowered.com/app/799600/Cosmoteer_Starship_Architect__Commander/","",""
"B.C. Piezophile","[img]https://i.imgur.com/5x0OclF.jpeg[/img]","https://store.steampowered.com/app/2243690/BC_Piezophile/","This is for a very specific type of person, and for that specific type of person, this will be like snorting crack.",""
"SUPER DEBT","[img]https://i.imgur.com/ryphl6e.jpeg[/img]","https://store.steampowered.com/app/3398160/SUPER_DEBT/","They're just like me fr fr",""
"Demon Bluff","[img]https://i.imgur.com/zSCfTKX.jpeg[/img]","https://store.steampowered.com/app/3522600/Demon_Bluff/","Single-player social deduction? I'm in",""
"NIGHT STRIKER GEAR","[img]https://i.imgur.com/ZeilOdi.jpeg[/img]","https://store.steampowered.com/app/3290390/NIGHT_STRIKER_GEAR/","Sick.",""
"He is Coming","[img]https://i.imgur.com/GVou56K.jpeg[/img]","https://store.steampowered.com/app/2824490/He_is_Coming/","",""
"The Bagman","[img]https://i.imgur.com/nkIgmA7.jpeg[/img]","https://store.steampowered.com/app/3718500/The_Bagman/","",""
"Vibrant Venture","[img]https://i.imgur.com/U75Atvw.jpeg[/img]","https://store.steampowered.com/app/1264520/Vibrant_Venture/","",""
"Sol Cesto","[img]https://i.imgur.com/tVQOfok.jpeg[/img]","https://store.steampowered.com/app/2738490/Sol_Cesto/","Looks sick.",""
"Tearscape","[img]https://i.imgur.com/Uk0MgGn.jpeg[/img]","https://store.steampowered.com/app/3216340/Tearscape/","",""
"PEAK","[img]https://i.imgur.com/WisCOWZ.jpeg[/img]","https://store.steampowered.com/app/3527290/PEAK/","It's pea(k/m).",""
"Escape From Duckov","[img]https://i.imgur.com/3YH1RXo.jpeg[/img]","https://store.steampowered.com/app/3167020/Escape_From_Duckov/","",""
"SSR Wives: The Murder Of My Winter Crush","[img]https://i.imgur.com/iMpV46J.jpeg[/img]","https://store.steampowered.com/app/2880000/SSR_Wives_The_Murder_Of_My_Winter_Crush/","",""
"Sister Ray","[img]https://i.imgur.com/Xagj8S6.jpeg[/img]","https://store.steampowered.com/app/3200290/Sister_Ray/","If the writing is solid, this could be a sleeper hit.",""
"Dispatch","[img]https://i.imgur.com/epDkAAt.jpeg[/img]","https://store.steampowered.com/app/2592160/Dispatch/","",""
"Crown Gambit","[img]https://i.imgur.com/BO5PppT.jpeg[/img]","https://store.steampowered.com/app/2447980/Crown_Gambit/","Love that 'Darkest Dungeon'-esque artstyle.",""
"Insider Trading","[img]https://i.imgur.com/PhxRszT.jpeg[/img]","https://store.steampowered.com/app/3166810/Insider_Trading/","",""
"STONKS-9800: Stock Market Simulator","[img]https://i.imgur.com/CsDmRqY.jpeg[/img]","https://store.steampowered.com/app/1539140/STONKS9800_Stock_Market_Simulator/","Number go up.",""
"Once a Pawn a King","[img]https://i.imgur.com/fQhMemf.jpeg[/img]","https://store.steampowered.com/app/3298910/Once_a_Pawn_a_King/","",""
"Break Shot Hero","[img]https://i.imgur.com/olS3UDg.jpeg[/img]","https://store.steampowered.com/app/3310090/Break_Shot_Hero/","",""
"Threadbound","[img]https://i.imgur.com/xybhmsw.jpeg[/img]","https://store.steampowered.com/app/2218130/Threadbound/","",""
"ODDCORE","[img]https://i.imgur.com/rUQjxag.jpeg[/img]","https://store.steampowered.com/app/2896260/ODDCORE/","",""
"Deep Pixel Melancholy","[img]https://i.imgur.com/GEouEBa.jpeg[/img]","https://store.steampowered.com/app/3694190/Deep_Pixel_Melancholy/","Looks great!",""
"Chess Hunt","[img]https://i.imgur.com/9r5ItxF.jpeg[/img]","https://store.steampowered.com/app/3506970/Chess_Hunt/","",""
"Jellyfish Egg","[img]https://i.imgur.com/17gcChF.jpeg[/img]","https://store.steampowered.com/app/3672080/Jellyfish_Egg/","",""
"PANIK","[img]https://i.imgur.com/pMwvhmV.jpeg[/img]","https://store.steampowered.com/app/2749610/PANIK/","",""
"Changer Seven","[img]https://i.imgur.com/Jfr79pV.jpeg[/img]","https://store.steampowered.com/app/2069330/Changer_Seven/","I mean, come on. If you know me, this has to be on here.",""
"Absolum","[img]https://i.imgur.com/xt1zZAj.jpeg[/img]","https://store.steampowered.com/app/1904480/Absolum/","",""
"Rentlord","[img]https://i.imgur.com/fiNovrI.jpeg[/img]","https://store.steampowered.com/app/3546440/Rentlord/","Finally. Balatro but EVILLLLL.",""
"Berserk or Die","[img]https://i.imgur.com/nBd0iGM.jpeg[/img]","https://store.steampowered.com/app/2874130/Berserk_or_Die/","",""
"NO-SKIN","[img]https://i.imgur.com/fUTFrHv.jpeg[/img]","https://store.steampowered.com/app/3011030/NOSKIN/","Fascinating.",""
"Shotgun Cop Man","[img]https://i.imgur.com/9sDU6RP.jpeg[/img]","https://store.steampowered.com/app/2966850/Shotgun_Cop_Man/","",""
"Skate Story","[img]https://i.imgur.com/U8p47bj.jpeg[/img]","https://store.steampowered.com/app/1263240/Skate_Story/","",""
"BALL x PIT","[img]https://i.imgur.com/j9X51Jv.jpeg[/img]","https://store.steampowered.com/app/2062430/BALL_x_PIT/","",""
"BOTSU","[img]https://i.imgur.com/sAjXZJr.jpeg[/img]","https://store.steampowered.com/app/885160/BOTSU/","",""
"Forestrike","[img]https://i.imgur.com/tp4kolW.jpeg[/img]","https://store.steampowered.com/app/2325920/Forestrike/","",""
"Shroom and Gloom","[img]https://i.imgur.com/scdloRn.jpeg[/img]","https://store.steampowered.com/app/3271280/Shroom_and_Gloom/","",""
"Stick It to the Stickman","[img]https://i.imgur.com/301lXJf.jpeg[/img]","https://store.steampowered.com/app/2085540/Stick_It_to_the_Stickman/","",""
"Escape Academy 2: Back 2 School","[img]https://i.imgur.com/K7Ygdgj.jpeg[/img]","https://store.steampowered.com/app/3296060/Escape_Academy_2_Back_2_School/","",""
"Snap & Grab","[img]https://i.imgur.com/G5v4q4Z.jpeg[/img]","https://store.steampowered.com/app/897160/Snap__Grab/","",""
"Big Walk","[img]https://i.imgur.com/k0EH6xa.jpeg[/img]","https://store.steampowered.com/app/1478500/Big_Walk/","",""
"Fractured Blooms","[img]https://i.imgur.com/vAI0bYc.jpeg[/img]","https://store.steampowered.com/app/3730310/Fractured_Blooms/","Plates of plates of plates of-",""
"KILLER INN","[img]https://i.imgur.com/2Lklyoj.jpeg[/img]","https://store.steampowered.com/app/1598230/KILLER_INN/","",""
"Into the Unwell","[img]https://i.imgur.com/aJIMNE8.jpeg[/img]","https://store.steampowered.com/app/2024600/Into_The_Unwell/","",""
"UNBEATABLE","[img]https://i.imgur.com/420VsYW.jpeg[/img]","https://store.steampowered.com/app/2240620/UNBEATABLE/","",""
"Please, Watch The Artwork","[img]https://i.imgur.com/nuOepNV.jpeg[/img]","https://store.steampowered.com/app/3542500/Please_Watch_The_Artwork/","",""
"Sword of the Sea","[img]https://i.imgur.com/YJlAoiV.jpeg[/img]","https://store.steampowered.com/app/2453160/Sword_of_the_Sea/","Looks fantastic.",""
"Thick As Thieves","[img]https://i.imgur.com/XVbfmBS.jpeg[/img]","https://store.steampowered.com/app/3341000/Thick_As_Thieves/","",""
"RAM: Random Access Mayhem","[img]https://i.imgur.com/yciL46K.jpeg[/img]","https://store.steampowered.com/app/2256450/RAM_Random_Access_Mayhem/","",""
"Tainted Grail: The Fall of Avalon","[img]https://i.imgur.com/t18nZub.jpeg[/img]","https://store.steampowered.com/app/1466060/Tainted_Grail_The_Fall_of_Avalon/","",""
"Cyber Knights: Flashpoint","[img]https://i.imgur.com/FGjDkNu.jpeg[/img]","https://store.steampowered.com/app/1021210/Cyber_Knights_Flashpoint/","For the XCOM sickos.",""
"Mixtape","[img]https://i.imgur.com/4HvnaXm.jpeg[/img]","https://store.steampowered.com/app/2582320/Mixtape/","Yeah. That's the summer vibe I remember.",""
"Possessor(s)","[img]https://i.imgur.com/hRRnXMM.jpeg[/img]","https://store.steampowered.com/app/2132890/Possessors/","Another beautiful Heart Machine world.",""
"OFF","[img]https://i.imgur.com/VLgW4TZ.jpeg[/img]","https://store.steampowered.com/app/3339880/OFF/","*Peper Steak intensifies*",""
"Moonlighter 2: The Endless Vault","[img]https://i.imgur.com/OOhoeM9.jpeg[/img]","https://store.steampowered.com/app/2350790/Moonlighter_2_The_Endless_Vault/","",""
"Wildgate","[img]https://i.imgur.com/PIM80RE.jpeg[/img]","https://store.steampowered.com/app/3504780/Wildgate/","Now, THIS is space piracy.",""
"MOUSE: P.I. For Hire","[img]https://i.imgur.com/pmOWCJn.jpeg[/img]","https://store.steampowered.com/app/2416450/MOUSE_PI_For_Hire/","",""
"MARVEL Cosmic Invasion","[img]https://i.imgur.com/IrIPRcl.jpeg[/img]","https://store.steampowered.com/app/2753970/MARVEL_Cosmic_Invasion/","",""
"The Royal Writ","[img]https://i.imgur.com/voLazaZ.jpeg[/img]","https://store.steampowered.com/app/3333700/The_Royal_Writ/","",""
"Eastward","[img]https://i.imgur.com/2ZCMdjC.jpeg[/img]","https://store.steampowered.com/app/977880/Eastward/","",""
"Monster Train 2","[img]https://i.imgur.com/biMW6UE.jpeg[/img]","https://store.steampowered.com/app/2742830/Monster_Train_2/","Hell yeah.",""
"9 Kings","[img]https://i.imgur.com/P7V8Ftd.jpeg[/img]","https://store.steampowered.com/app/2784470/9_Kings/","",""
"Away From Home","[img]https://i.imgur.com/JdYtC0z.jpeg[/img]","https://store.steampowered.com/app/1631980/Away_From_Home/","",""
"The Upturned","[img]https://i.imgur.com/07twnSU.jpeg[/img]","https://store.steampowered.com/app/1717770/The_Upturned/","Goofy horrors.",""
"Goodboy Galaxy","[img]https://i.imgur.com/JtX92L2.jpeg[/img]","https://store.steampowered.com/app/2705890/Goodboy_Galaxy/","Get it on Game Boy Advance!",""
"Pipistrello and the Cursed Yoyo","[img]https://i.imgur.com/Gw8JuLk.jpeg[/img]","https://store.steampowered.com/app/2870350/Pipistrello_and_the_Cursed_Yoyo/","",""
"Guilty as Sock!","[img]https://i.imgur.com/pslyeK1.jpeg[/img]","https://store.steampowered.com/app/3400930/Guilty_as_Sock/","Goofy fun.",""
"The Deadseat","[img]https://i.imgur.com/sSptdCA.jpeg[/img]","https://store.steampowered.com/app/3667230/The_Deadseat/","Sick concept.",""
"Crow Country","[img]https://i.imgur.com/rsMEO9T.jpeg[/img]","https://store.steampowered.com/app/1996010/Crow_Country/","",""
"Look Outside","[img]https://i.imgur.com/vsDEtax.jpeg[/img]","https://store.steampowered.com/app/3373660/Look_Outside/","Game looks great.",""
"PHASE ZERO","[img]https://i.imgur.com/62l9nNl.jpeg[/img]","https://store.steampowered.com/app/3462190/PHASE_ZERO/","",""
"to a T","[img]https://i.imgur.com/mo0Nkf2.jpeg[/img]","https://store.steampowered.com/app/1875320/to_a_T/","This is Katamari as hell but different.",""
"Dice With Death","[img]https://i.imgur.com/49GHghj.jpeg[/img]","https://store.steampowered.com/app/3435260/Dice_With_Death/","",""
"Cast n Chill","[img]https://i.imgur.com/mpunWbv.jpeg[/img]","https://store.steampowered.com/app/3483740/Cast_n_Chill/","Looks great.",""
"Elin","[img]https://i.imgur.com/skclc1g.jpeg[/img]","https://store.steampowered.com/app/2135150/Elin/","Never played 'Elona' but this looks sick.",""
"Easy Delivery Co.","[img]https://i.imgur.com/03ZDGSV.jpeg[/img]","https://store.steampowered.com/app/3293010/Easy_Delivery_Co/","",""
"Pharaoh Rebirth+","[img]https://i.imgur.com/Tf0kh9A.jpeg[/img]","https://store.steampowered.com/app/441280/Pharaoh_Rebirth/","Lemeza looks a little funny.",""
"Zexion","[img]https://i.imgur.com/dfVAnKv.jpeg[/img]","https://store.steampowered.com/app/3392510/Zexion/","",""
"Monaco 2","[img]https://i.imgur.com/48nCtvF.jpeg[/img]","https://store.steampowered.com/app/1063030/Monaco_2/","",""
"Marathon","[img]https://i.imgur.com/q8QEODd.jpeg[/img]","https://store.steampowered.com/app/3065800/Marathon/","Love this look.",""
"The Alters","[img]https://i.imgur.com/BzwTkwr.jpeg[/img]","https://store.steampowered.com/app/1601570/The_Alters/","Looks great.",""
"REMATCH","[img]https://i.imgur.com/O9UELQl.jpeg[/img]","https://store.steampowered.com/app/2138720/REMATCH/","Absolver/Sifu devs made a soccer game? I'm in.",""
"The Eternal Life of Goldman","[img]https://i.imgur.com/YXPthjX.jpeg[/img]","https://store.steampowered.com/app/2254950/The_Eternal_Life_of_Goldman/","",""
"Into the Fire","[img]https://i.imgur.com/hzQCw18.jpeg[/img]","https://store.steampowered.com/app/2988030/Into_the_Fire/","I love Simple DS Series Vol. 39: The Shouboutai.",""
"CloverPit","[img]https://i.imgur.com/TJqxiKA.jpeg[/img]","https://store.steampowered.com/app/3314790/CloverPit/","LET'S GO GAMBLING",""
"No, I'm not a Human","[img]https://i.imgur.com/BtNS0f5.jpeg[/img]","https://store.steampowered.com/app/3180070/No_Im_not_a_Human/","",""
"R.E.P.O.","[img]https://i.imgur.com/VTIXj33.jpeg[/img]","https://store.steampowered.com/app/3241660/REPO/","",""
"Nubby's Number Factory","[img]https://i.imgur.com/8y53i5p.jpeg[/img]","https://store.steampowered.com/app/3191030/Nubbys_Number_Factory/","Number go UP.",""
"Egg Squeeze","[img]https://i.imgur.com/UACeckd.jpeg[/img]","https://store.steampowered.com/app/3229170/Egg_Squeeze/","",""
"RATSHAKER‚Ñ¢","[img]https://i.imgur.com/nLJ5899.jpeg[/img]","https://store.steampowered.com/app/3290710/RATSHAKER/","",""
"CROWDED. FOLLOWED.","[img]https://i.imgur.com/kb8Tie4.jpeg[/img]","https://store.steampowered.com/app/2948790/CROWDED_FOLLOWED/","Constant dread.",""
"The Hidden Ones","[img]https://i.imgur.com/souqB1i.jpeg[/img]","https://store.steampowered.com/app/3345210/The_Hidden_Ones/","",""
"Metal Bringer","[img]https://i.imgur.com/v6r5htJ.jpeg[/img]","https://store.steampowered.com/app/2334170/Metal_Bringer/","Mmmm, yes.",""
"DEVIL BLADE REBOOT","[img]https://i.imgur.com/kiPVuI4.jpeg[/img]","https://store.steampowered.com/app/2882440/DEVIL_BLADE_REBOOT/","This game RIPS.",""
"Drop Duchy","[img]https://i.imgur.com/H5R55bG.jpeg[/img]","https://store.steampowered.com/app/2525310/Drop_Duchy/","Carcassonne meets Tetris? Okay, I'm listening.",""
"Kidbash: Super Legend","[img]https://i.imgur.com/yiaZ5Vy.jpeg[/img]","https://store.steampowered.com/app/2681870/Kidbash_Super_Legend/","Kirby 64 power mixing is back, babyyyy",""
"Arzette: The Jewel of Faramore","[img]https://i.imgur.com/Xwn390j.jpeg[/img]","https://store.steampowered.com/app/1924780/Arzette_The_Jewel_of_Faramore/","Fantastic homage.",""
"Vivarium","[img]https://i.imgur.com/KYYSR1Z.png[/img]","https://bsky.app/profile/vivarium-game.bsky.social/post/3leewn6evvk2v","LOVE that Ghibli-inspired look.",""
"Diecast","[img]https://i.imgur.com/lqya6M8.jpeg[/img]","https://store.steampowered.com/app/2443590/Diecast/","",""
"The Excavation of Hob's Barrow","[img]https://i.imgur.com/9dKiTNv.jpeg[/img]","https://store.steampowered.com/app/1182310/The_Excavation_of_Hobs_Barrow/","We need more games with this artstyle.",""
"STUNTBOOST","[img]https://i.imgur.com/Peqrzdz.jpeg[/img]","https://store.steampowered.com/app/2999500/STUNTBOOST/","*Tony Hawk special trick noise*",""
"Bunny Hill","[img]https://i.imgur.com/InG9ao9.jpeg[/img]","https://store.steampowered.com/app/1424350/Bunny_Hill/","",""
"OTHER: Her Loving Embrace","[img]https://i.imgur.com/7f6Iy9h.jpeg[/img]","https://store.steampowered.com/app/1161780/OTHER_Her_Loving_Embrace/","Looks sick.",""
"WEBFISHING","[img]https://i.imgur.com/wE4FlQr.jpeg[/img]","https://store.steampowered.com/app/3146520/WEBFISHING/","",""
"DICEOMANCER","[img]https://i.imgur.com/g23egOz.jpeg[/img]","https://store.steampowered.com/app/2501600/DICEOMANCER/","Number go up.",""
"Beaming Stingray","[img]https://i.imgur.com/EjWXTwV.jpeg[/img]","https://store.steampowered.com/app/2312490/Beaming_Stingray/","Big fan of the concept.",""
"Threads of Time","[img]https://i.imgur.com/cgcQu0A.jpeg[/img]","https://store.steampowered.com/app/2090210/Threads_of_Time/","Looks sick.",""
"Bugaboo Pocket","[img]https://i.imgur.com/plwgVLf.jpeg[/img]","https://store.steampowered.com/app/1985740/Bugaboo_Pocket/","",""
"Paper Sky","[img]https://i.imgur.com/j7AcbAo.jpeg[/img]","https://store.steampowered.com/app/1617230/Paper_Sky/","Finally. Paperman: The Game.",""
"Taiji","[img]https://i.imgur.com/YyiU4BG.jpeg[/img]","https://store.steampowered.com/app/1141580/Taiji/","",""
"Pinball Spire","[img]https://i.imgur.com/u2Y5qew.jpeg[/img]","https://store.steampowered.com/app/2601940/Pinball_Spire/","",""
"The Book of Buja","[img]https://i.imgur.com/AU66OpE.jpeg[/img]","https://store.steampowered.com/app/1785580/The_Book_of_Buja/","",""
"Windblown","[img]https://i.imgur.com/lQzvW9j.jpeg[/img]","https://store.steampowered.com/app/1911610/Windblown/","",""
"While Waiting","[img]https://i.imgur.com/K02uJET.jpeg[/img]","https://store.steampowered.com/app/2449160/While_Waiting/","",""
"Mini Royale","[img]https://i.imgur.com/IkaMDzS.jpeg[/img]","https://store.steampowered.com/app/1657090/Mini_Royale/","",""
"The Precinct","[img]https://i.imgur.com/s8C38CG.jpeg[/img]","https://store.steampowered.com/app/490110/The_Precinct/","",""
"Cursed 3","[img]https://i.imgur.com/b76eagl.jpeg[/img]","https://store.steampowered.com/app/2110460/Cursed_3/","This game looks SICK.",""
"Arctic Eggs","[img]https://i.imgur.com/zDfFEwp.jpeg[/img]","https://store.steampowered.com/app/2763670/Arctic_Eggs/","",""
"Keep Driving","[img]https://i.imgur.com/ydClyNw.jpeg[/img]","https://store.steampowered.com/app/2756920/Keep_Driving/","Mmmm, yes.",""
"Hollowbody","[img]https://i.imgur.com/mtpCDrZ.jpeg[/img]","https://store.steampowered.com/app/2123640/Hollowbody/","",""
"Horizons: The End Of Words","[img]https://i.imgur.com/yogCsMf.gif[/img]","https://punkcake.itch.io/horizons","PUNKCAKE game. Auto-include.",""
"TRICK TACTICS","[img]https://i.imgur.com/IIdKb9O.gif[/img]","https://hwilson.itch.io/trick-tactics","",""
"Void War","[img]https://i.imgur.com/SncIjmg.png[/img]","https://tundra-interactive.itch.io/void-war","",""
"Near Mint","[img]https://i.imgur.com/5lxJO2Y.png[/img]","https://henriforshort.itch.io/near-mint","Sick.",""
"CORPUS EDAX","[img]https://i.imgur.com/XhQvW0T.jpeg[/img]","https://store.steampowered.com/app/2017610/CORPUS_EDAX/","Very curious about this one.",""
"ASTRO BOT","[img]https://i.imgur.com/TvmiBaP.png[/img]","https://www.playstation.com/en-us/games/astro-bot/","It's just fun.",""
"Big Hops","[img]https://i.imgur.com/gblaRxr.jpeg[/img]","https://store.steampowered.com/app/1221480/Big_Hops/","",""
"Mirage Feathers","[img]https://i.imgur.com/lOfXCCK.jpeg[/img]","https://store.steampowered.com/app/2719060/Mirage_Feathers/","",""
"Garbanzo Quest","[img]https://i.imgur.com/yfRQgWR.jpeg[/img]","https://store.steampowered.com/app/2105910/Garbanzo_Quest/","Reminds me of the GameMaker 5.1 days.",""
"Jitter","[img]https://i.imgur.com/NXM3FZ6.jpeg[/img]","https://store.steampowered.com/app/2877660/Jitter/","",""
"Utopia Must Fall","[img]https://i.imgur.com/sUVgpwx.jpeg[/img]","https://store.steampowered.com/app/2849680/Utopia_Must_Fall/","Mmm, that's that good Vectrex flavor. Love to see it.",""
"Arco","[img]https://i.imgur.com/oMvYpKC.jpeg[/img]","https://store.steampowered.com/app/2366970/Arco/","",""
"Scarlet Deer Inn","[img]https://i.imgur.com/C9atYLc.jpeg[/img]","https://store.steampowered.com/app/1553260/Scarlet_Deer_Inn/","Sorry, what do you mean you *embroidered* your sprites?",""
"BECROWNED","[img]https://i.imgur.com/zzKLzx0.jpeg[/img]","https://store.steampowered.com/app/2266890/BECROWNED/","",""
"Pacific Drive","[img]https://i.imgur.com/fIdowVr.jpeg[/img]","https://store.steampowered.com/app/1458140/Pacific_Drive/","Truly a roadside picnic.",""
"Five Nights at Freddy's: Into the Pit","[img]https://i.imgur.com/2zHhRzK.jpeg[/img]","https://store.steampowered.com/app/2638370/Five_Nights_at_Freddys_Into_the_Pit/","Fantastic pixel art.",""
"Thronefall","[img]https://i.imgur.com/VIFvbZd.jpeg[/img]","https://store.steampowered.com/app/2239150/Thronefall/","",""
"Getaway Grand Prix","[img]https://i.imgur.com/6b5C5bJ.jpeg[/img]","https://store.steampowered.com/app/930730/Getaway_Grand_Prix/","",""
"Squirrel with a Gun","[img]https://i.imgur.com/nGbWk8W.jpeg[/img]","https://store.steampowered.com/app/2067050/Squirrel_with_a_Gun/","What more do you want?",""
"Morsels","[img]https://i.imgur.com/Eabs5YM.jpeg[/img]","https://store.steampowered.com/app/1719040/Morsels/","Looks sweet.",""
"Fishlike","[img]https://i.imgur.com/r7RRyGB.jpeg[/img]","https://store.steampowered.com/app/3062970/Fishlike/","",""
"Spectre Divide","[img]https://i.imgur.com/7yhKuzr.jpeg[/img]","https://store.steampowered.com/app/2641470/Spectre_Divide/","",""
"Tactical Breach Wizards","[img]https://i.imgur.com/5JUSYsd.jpeg[/img]","https://store.steampowered.com/app/1043810/Tactical_Breach_Wizards/","Oh, hell yes.",""
"YOYO PUNK","[img]https://i.imgur.com/GyJLUGA.jpeg[/img]","https://store.steampowered.com/app/3109010/YOYO_PUNK/","",""
"Megacopter: Blades of the Goddess","[img]https://i.imgur.com/nbUzyPZ.jpeg[/img]","https://store.steampowered.com/app/1228360/Megacopter_Blades_of_the_Goddess/","",""
"Kill The Music","[img]https://i.imgur.com/tStank3.jpeg[/img]","https://store.steampowered.com/app/3093050/Kill_The_Music/","",""
"Dungeons & Degenerate Gamblers","[img]https://i.imgur.com/fi0OFtZ.jpeg[/img]","https://store.steampowered.com/app/2400510/Dungeons__Degenerate_Gamblers/","",""
"Gunboat God","[img]https://i.imgur.com/27ubcLv.jpeg[/img]","https://store.steampowered.com/app/2511210/Gunboat_God/","Love me some Luftrausers/Jet Lancer-style gameplay.",""
"Alabaster Dawn","[img]https://i.imgur.com/R1mtXxs.jpeg[/img]","https://store.steampowered.com/app/3110760/Alabaster_Dawn/","",""
"Frail Hearts: Versicorae Domlion","[img]https://i.imgur.com/yVpTlOP.jpeg[/img]","https://store.steampowered.com/app/1412890/Frail_Hearts_Versicorae_Domlion/","",""
"Saturnalia","[img]https://i.imgur.com/vDyt1sA.jpeg[/img]","https://store.steampowered.com/app/916350/Saturnalia/","",""
"TOBOR","[img]https://i.imgur.com/5s1PZ5Q.jpeg[/img]","https://store.steampowered.com/app/2081310/TOBOR/","",""
"A Place for the Unwilling","[img]https://i.imgur.com/j3bnTH2.jpeg[/img]","https://store.steampowered.com/app/1064310/A_Place_for_the_Unwilling/","",""
"Clank!","[img]https://i.imgur.com/R8rFAbz.jpeg[/img]","https://store.steampowered.com/app/1722870/Clank/","",""
"Shogun Showdown","[img]https://i.imgur.com/7PDoIat.jpeg[/img]","https://store.steampowered.com/app/2084000/Shogun_Showdown/","",""
"Nitro Express","[img]https://i.imgur.com/U7ZOIoo.jpeg[/img]","https://store.steampowered.com/app/3088250/Nitro_Express/","",""
"Armed Decobot","[img]https://i.imgur.com/ShCcuUf.png[/img]","https://twitter.com/boghogooo/status/1819820784132714929","",""
"Forlorn Memories","[img]https://i.imgur.com/8buTF0R.png[/img]","https://store.steampowered.com/app/2124500/Forlorn_Memories/","Love the DS/3DS look.",""
"Raimodula","[img]https://i.imgur.com/d1Ch0wN.jpeg[/img]","https://store.steampowered.com/app/2091300/Raimodula/","",""
"min/max","[img]https://i.imgur.com/zMlXbjk.png[/img]","https://x.com/gameminmax/status/1809257135580012877","",""
"Project Feline","[img]https://i.imgur.com/DicRj2o.jpeg[/img]","https://store.steampowered.com/app/2214460/Project_Feline/","",""
"RP7","[img]https://i.imgur.com/lPX8Aov.jpeg[/img]","https://store.steampowered.com/app/1334500/RP7/","",""
"ANTHEM#9","[img]https://i.imgur.com/hADF3LP.jpeg[/img]","https://store.steampowered.com/app/2656490/ANTHEM9/","",""
"Secret Agent Wizard Boy and the International Crime Syndicate","[img]https://i.imgur.com/Owe0uya.jpeg[/img]","https://store.steampowered.com/app/3111080/Secret_Agent_Wizard_Boy_and_the_International_Crime_Syndicate/","This is gonna be hilarious.",""
"Veritus","[img]https://i.imgur.com/oXXvGX0.jpeg[/img]","https://store.steampowered.com/app/2513580/Veritus/","Love me some GB/C Zelda-esque gameplay.",""
"Drivers of the Apocalypse","[img]https://i.imgur.com/DIrFVfh.jpeg[/img]","https://store.steampowered.com/app/3260240/Drivers_of_the_Apocalypse/","Looks sick.",""
"@vapgames","[img]https://i.imgur.com/tjF9bc1.png[/img]","https://x.com/vapgames/status/1814420753388884427","",""
"SUPER Dungeon Muncher","[img]https://i.imgur.com/1KCW2Ir.jpeg[/img]","https://store.steampowered.com/app/3095800/SUPER_Dungeon_Muncher/","Love the idea.",""
"Battle Train","[img]https://i.imgur.com/53L1hxI.jpeg[/img]","https://store.steampowered.com/app/1708950/Battle_Train/","Could scratch that Duelyst 1 itch.",""
"Radio the Universe","[img]https://i.imgur.com/JV2IFRs.jpeg[/img]","https://store.steampowered.com/app/1053900/Radio_the_Universe/","Been watching this one for a long time now.",""
"Canvas of Kings","[img]https://i.imgur.com/D09EppY.jpeg[/img]","https://store.steampowered.com/app/2498570/Canvas_of_Kings/","Not a game but a map-making tool. Very cool.",""
"BOOM! Buster","[img]https://i.imgur.com/aZujIpl.jpeg[/img]","https://store.steampowered.com/app/2498890/BOOM_Buster/","Never gonna turn down more &quot;Pizza Tower&quot;-style animations.",""
"@Mehrabehzad","[img]https://i.imgur.com/chybV7u.png[/img]","https://x.com/Mehrabehzad/status/1813242279261577274","Finally. 5 stars in GTA without the ceremony.",""
"PSYCHOFINGER","[img]https://i.imgur.com/j5hrQq0.jpeg[/img]","https://store.steampowered.com/app/2617870/PSYCHOFINGER/","*Cuphead snapping intensifies*",""
"GHOST EATER","[img]https://i.imgur.com/tSqqC9i.jpeg[/img]","https://store.steampowered.com/app/2708620/GHOST_EATER/","Love the look.",""
"NIGHT-RUNNERS‚Ñ¢ PROLOGUE","https://i.imgur.com/ItYsTt4.jpeg","https://store.steampowered.com/app/2707900/NIGHTRUNNERS_PROLOGUE/","Love the grungy VHS aesthetic.",""
"Shift 87","https://i.imgur.com/j5dQzH3.jpeg","https://store.steampowered.com/app/2981650/Shift_87/","Analog horror puzzler.",""
"MOTORSLICE","https://i.imgur.com/8vEp964.jpeg","https://store.steampowered.com/app/2830030/MOTORSLICE/","Says it's inspired by 2008 Prince of Persia. Big if true.",""
"Tricky Madness","https://i.imgur.com/uXVLYuz.jpeg","https://store.steampowered.com/app/2743850/Tricky_Madness/","IT'S TRICKY, IT'S TRICKY",""
"Berserk B.I.T.S","https://i.imgur.com/njEtcrR.jpg","https://store.steampowered.com/app/2348540/Berserk_BITS/","Love me some Battle Network anything.",""
"Dojo Masters","https://i.imgur.com/0En76ZW.jpeg","https://store.steampowered.com/app/2538000/Dojo_Masters/","Divekick with more sauce.",""
".45 PARABELLUM BLOODHOUND - Cyberpunk Active Time Action","https://i.imgur.com/rIPPemi.gif","https://store.steampowered.com/app/3014650/45_PARABELLUM_BLOODHOUND__Cyberpunk_Active_Time_Action/","Reminds me of Parasite Eve and Vagrant Story.",""
"In Stars And Time","https://i.imgur.com/GAXUmdI.jpeg","https://store.steampowered.com/app/1677310/In_Stars_And_Time/","Too many people recommended it.",""
"UFO 50","https://i.imgur.com/vCN6gTk.jpeg","https://store.steampowered.com/app/1147860/UFO_50/","Spelunky dev makes a 50-in-1. Seems good.",""
"SPINE","https://i.imgur.com/dqXpWOh.jpeg","https://store.steampowered.com/app/1731290/SPINE/","Gun fu.",""
"Chicken Police: Into the HIVE!","https://i.imgur.com/LoGMBLz.jpeg","https://store.steampowered.com/app/2362090/Chicken_Police_Into_the_HIVE/","Like the vibe.",""
"Owl Observatory","https://i.imgur.com/yj87q0h.jpeg","https://store.steampowered.com/app/2633510/Owl_Observatory/","Tentatively like the vibe.",""
"Core Decay","https://i.imgur.com/ityQg5t.jpeg","https://store.steampowered.com/app/1260940/Core_Decay/","Looks good.",""
"Out of Hands", "[img]https://i.imgur.com/tqNAZ7f.jpeg[/img]","https://store.steampowered.com/app/1839810/Out_Of_Hands/","Incredible presentation.",""
"darkwebSTREAMER","https://i.imgur.com/Vbwdwps.jpeg","https://store.steampowered.com/app/2151810/darkwebSTREAMER/","Looks good.",""
"Paradise Killer","https://i.imgur.com/hCh4wUK.jpeg","https://store.steampowered.com/app/1160220/Paradise_Killer/","Looks good.",""
"REPLACED","https://i.imgur.com/QpTpF8Y.jpg","https://store.steampowered.com/app/1663850/REPLACED/","Love the aesthetic.",""
"CRETE","https://i.imgur.com/igtEtxk.jpeg","https://store.steampowered.com/app/2022610/CRETE/","Kneejerk reaction: SCORN GORN.",""
"Holstin","https://i.imgur.com/3vUO310.jpeg","https://store.steampowered.com/app/2235430/Holstin/","Love a good isometric look.",""
"REPOSE","https://i.imgur.com/RiObDv3.jpeg","https://store.steampowered.com/app/3002510/REPOSE/","Solid vibe.",""
"Kusan: City of Wolves","https://i.imgur.com/v2Kjx4T.jpeg","https://store.steampowered.com/app/1714510/Kusan__City_of_Wolves/","Punch good.",""
"Samurai Unicorn","https://i.imgur.com/Fdd2mXB.jpeg","https://store.steampowered.com/app/2494020/Samurai_Unicorn/","PSP-core gets me every time.",""
"The Looter","https://i.imgur.com/WZERQIV.jpeg","https://store.steampowered.com/app/1163020/The_Looter/","I like the look.",""
"Sorry, We're Closed","https://i.imgur.com/dpXRBeu.jpg","https://store.steampowered.com/app/1796580/Sorry_Were_Closed/","The key art looks very JoJo-coded.",""
"Spirit of the Samurai","https://i.imgur.com/a7OVYpx.jpeg","https://store.steampowered.com/app/1507120/The_Spirit_of_the_Samurai/","",""
"CONSCRIPT","https://i.imgur.com/qtKehWM.jpeg","https://store.steampowered.com/app/1286990/CONSCRIPT/","Liked the vibe.",""
"GREENFIELD","https://i.imgur.com/nTU9WJF.jpeg","https://store.steampowered.com/app/2284140/GREENFIELD/","",""
"Militsioner","https://i.imgur.com/Wv40mj4.jpeg","https://store.steampowered.com/app/1373530/Militsioner/","Very curious about this one.",""
"Necrophosis","https://i.imgur.com/ToQU7pP.jpg","https://store.steampowered.com/app/2019760/Necrophosis/","Love to see more H.R. Giger inspired stuff.",""
"Ares Breathes","https://i.imgur.com/A4FI4iO.jpeg","https://store.steampowered.com/app/2833910/Ares_Breathes/","",""
"Journey Beyond the Edge of the World","https://i.imgur.com/xmE3CHX.jpeg","https://store.steampowered.com/app/2541750/Journey_Beyond_the_Edge_of_the_World/","Remember the Obra Dinn?",""
"Luna Abyss","https://i.imgur.com/XdusT23.jpeg","https://store.steampowered.com/app/1933000/Luna_Abyss/","Control + DOOM?",""
"Lorn's Lure","https://i.imgur.com/lTlkMMg.jpeg","https://store.steampowered.com/app/1417930/Lorns_Lure/","",""
"Aurascope","https://i.imgur.com/KuKiT7H.jpeg","https://store.steampowered.com/app/1547880/Aurascope/","",""
"HASTE: Broken Worlds","https://i.imgur.com/3WLU8b7.jpeg","https://store.steampowered.com/app/1796470/HASTE_Broken_Worlds/","FOLLOW ME, SET ME FREE, TRUST ME AND WE WILL ESCAPE FROM THE CITY",""
"Rollin' Rascal","https://i.imgur.com/Q4RnosV.jpeg","https://store.steampowered.com/app/2740750/Rollin_Rascal/","",""
"Mecha BREAK","https://i.imgur.com/2M70gvR.jpeg","https://store.steampowered.com/app/2452280/Mecha_BREAK/","Armored Core but more Ace Combat-y?",""
"ODDADA","https://i.imgur.com/O8kP7lu.jpeg","https://store.steampowered.com/app/1627870/ODDADA/","I miss Electroplankton.",""
"Last Moon","https://i.imgur.com/jjOp5Wp.jpeg","https://store.steampowered.com/app/1108600/Last_Moon/","",""
"Tiny Glade","https://i.imgur.com/L4hXrM7.jpeg","https://store.steampowered.com/app/2198150/Tiny_Glade/","Cute.",""
"CATO","https://i.imgur.com/Om90uij.jpeg","https://store.steampowered.com/app/1999520/CATO/","Cute.",""
"Windswept","https://i.imgur.com/vDAeDOG.jpeg","https://store.steampowered.com/app/1660960/Windswept/","Cute.",""
"SCHiM","https://i.imgur.com/Ky9ipii.jpeg","https://store.steampowered.com/app/1519710/SCHiM/","Very cool idea.",""
"Enigma of Fear","https://i.imgur.com/NbfkqTa.jpg","https://store.steampowered.com/app/1507580/Enigma_of_Fear/","Reminded me of Stray Cat Crossing.",""
"Mouthwashing","https://i.imgur.com/B2WnNLv.jpeg","https://store.steampowered.com/app/2475490/Mouthwashing/","",""
"Subversive Memories","https://i.imgur.com/d6CwlF6.jpeg","https://store.steampowered.com/app/2821110/Subversive_Memories/","",""
"Project Tower","https://i.imgur.com/1M8QjLL.jpeg","https://store.steampowered.com/app/2242970/Project_Tower/","",""
"Eclipsium","https://i.imgur.com/67ZSy27.jpeg","https://store.steampowered.com/app/2419670/Eclipsium/","",""
"Pool of Madness","https://i.imgur.com/TIm8C7y.jpeg","https://store.steampowered.com/app/2873750/Pool_of_Madness/","",""
"Beyond Shadowgate","https://i.imgur.com/Ku71GZ4.jpeg","https://store.steampowered.com/app/2332240/Beyond_Shadowgate/","",""
"DoubleShake","[img]https://i.imgur.com/91Tx2QQ.jpeg[/img]","https://store.steampowered.com/app/1445190/DoubleShake/","shake shake",""
"Trailblazers: Into the March","https://i.imgur.com/u1bPAN0.jpeg","https://store.steampowered.com/app/2671300/Trailblazers_Into_the_March/","*screams in FTL*",""
"Combustion","https://i.imgur.com/qL0zZSK.jpeg","https://store.steampowered.com/app/2145090/Combustion/","Love the look.",""
"FUMES","https://i.imgur.com/STBrjrQ.jpeg","https://store.steampowered.com/app/1920430/FUMES/","CAR. COMBAT.",""
"Rose and Locket","https://i.imgur.com/AbQyOco.jpeg","https://store.steampowered.com/app/1697850/Rose_and_Locket/","",""
"Slice & Dice","https://i.imgur.com/CZMiNug.jpeg","https://store.steampowered.com/app/1775490/Slice__Dice/","Mmm, yes. Dice.",""
"We Kill Monsters","https://i.imgur.com/1bxZaxj.jpeg","https://store.steampowered.com/app/1792460/We_Kill_Monsters/","One day, Little Devil Inside will get released.",""
"First Cut: Samurai Duel","https://i.imgur.com/P1QjsmY.jpeg","https://store.steampowered.com/app/2193490/First_Cut_Samurai_Duel/","Love me some Bushido Blade.",""
"Aero GPX","https://i.imgur.com/KmrTszq.jpeg","https://store.steampowered.com/app/2160360/Aero_GPX/","YOU GOT BOOST POWER",""
"Yellow Taxi Goes Vroom","[img]https://i.imgur.com/rC4i2JK.jpeg[/img]","https://store.steampowered.com/app/2011780/Yellow_Taxi_Goes_Vroom/","",""
"Metal Slug Tactics","https://i.imgur.com/I0ZuPto.jpeg","https://store.steampowered.com/app/1590760/Metal_Slug_Tactics/","ROCKET LAWNCHAIR",""
"StarVaders","https://i.imgur.com/kUsNKbH.jpeg","https://store.steampowered.com/app/2097570/StarVaders/","Love me some deckbuilders.",""
"Children of the Sun","[img]https://i.imgur.com/3OxZrWl.jpeg[/img]","https://store.steampowered.com/app/1309950/Children_of_the_Sun/","",""
"Rabbit and Steel","https://i.imgur.com/imVWbcu.jpeg","https://store.steampowered.com/app/2132850/Rabbit_and_Steel/","",""
"Another Crab's Treasure","https://i.imgur.com/DtLRQFz.jpeg","https://store.steampowered.com/app/1887840/Another_Crabs_Treasure/","",""
"SKALD: Against the Black Priory","https://i.imgur.com/12us9h9.jpeg","https://store.steampowered.com/app/1069160/SKALD_Against_the_Black_Priory/","Mmm, yes, DOS-core.",""
"LOK Digital","https://i.imgur.com/G3gGpgS.jpeg","https://store.steampowered.com/app/2207440/LOK_Digital/","",""
"Tenjutsu","https://i.imgur.com/MST1FXP.jpeg","https://store.steampowered.com/app/1363940/Tenjutsu/","Dead Cells designer makes beat-em-up with Sifu/Absolver trappings. Seems good.",""
"Sea Sniffers","https://i.imgur.com/K94PO48.png","https://store.steampowered.com/app/3045520/Sea_Sniffers/","Seal punch problems away.",""
"Fear the Spotlight","https://i.imgur.com/IiXsiS9.jpeg","https://store.steampowered.com/app/1959390/Fear_the_Spotlight/","Great vibe.",""
"Puppy Truck","https://i.imgur.com/AwsLr96.png","https://x.com/seandick/status/1702092609316155489","Go, my son. Do a flip.",""
"Patrick's Parabox","https://i.imgur.com/gcL6i3b.jpeg","https://store.steampowered.com/app/1260520/Patricks_Parabox/","Sweet Jesus, Pooh! That's not honey! You're eating recursion!",""
"Crypt Custodian","https://i.imgur.com/pjAjv04.jpeg","https://store.steampowered.com/app/2394650/Crypt_Custodian/","",""
"Toxic Crusaders","https://i.imgur.com/6GwxMVe.jpeg","https://store.steampowered.com/app/2303850/Toxic_Crusaders/","",""
"VIVIDLOPE","[img]https://i.imgur.com/NXSxn2I.jpeg[/img]","https://store.steampowered.com/app/2078510/VIVIDLOPE/","",""
"Small Saga","[img]https://i.imgur.com/ZM9vykR.jpeg[/img]","https://store.steampowered.com/app/1320140/Small_Saga/","",""
"#BLUD","https://i.imgur.com/HWKurp6.jpeg","https://store.steampowered.com/app/1921480/BLUD/","Cartoon Network styled beat-em-up? Sign me up",""
"Haunted Paws","https://i.imgur.com/ctz8Sno.jpeg","https://store.steampowered.com/app/2861080/Haunted_Paws/","doggos",""
"ParaPerspective","https://i.imgur.com/29mfaTd.jpeg","https://store.steampowered.com/app/1997290/ParaPerspective/","",""
"Big Boy Boxing","https://i.imgur.com/ovHVJCl.jpeg","https://store.steampowered.com/app/1680780/Big_Boy_Boxing/","",""
"Motordoom","https://i.imgur.com/IeA5JsK.jpeg","https://store.steampowered.com/app/1894720/Motordoom/","Twisted Metal + Tony Hawk's Pro Skater? Yessirrrrr",""
"Fallen Leaf","https://i.imgur.com/pfThG05.jpeg","https://store.steampowered.com/app/1459010/Fallen_Leaf/","",""
"Peglin","[img]https://i.imgur.com/PB7SZhl.jpeg[/img]","https://store.steampowered.com/app/1296610/Peglin/","Back to the Peggle mines with ye",""
"Wild Bastards","https://i.imgur.com/OcrxNur.jpeg","https://store.steampowered.com/app/1660840/Wild_Bastards/","Loved Void Bastards.",""
"Escape from Ever After","https://i.imgur.com/VsrRxZp.jpeg","https://store.steampowered.com/app/1996390/Escape_from_Ever_After/","",""
"Dead Weight","https://i.imgur.com/lD9FYfS.jpeg","https://store.steampowered.com/app/2646720/Dead_Weight/","Isometric.",""
"Iron Meat","https://i.imgur.com/zK8Wivs.jpeg","https://store.steampowered.com/app/1157740/Iron_Meat/","Looks good.",""
"ARC SEED","https://i.imgur.com/hJJQvjm.jpeg","https://store.steampowered.com/app/2332970/ARC_SEED/","Tactical mech battles? I'm in",""
"Die in the Dungeon","https://i.imgur.com/201PMiC.jpeg","https://store.steampowered.com/app/2026820/Die_in_the_Dungeon/","The dice. They call to me.",""
"Castaway","https://i.imgur.com/Dx7cwj5.jpeg","https://store.steampowered.com/app/2564860/Castaway/","Loved GB/GBC Zelda.",""
"Dungeon Drafters","https://i.imgur.com/5iP9J9V.jpeg","https://store.steampowered.com/app/1824580/Dungeon_Drafters/","Looks good.",""
"Bionic Bay","https://i.imgur.com/wD6WuiZ.jpeg","https://store.steampowered.com/app/1928690/Bionic_Bay/","Flashback/Heart of Darkness with swapping mechanics.",""
"Over Jump Rally","https://i.imgur.com/NiF5V2R.jpeg","https://store.steampowered.com/app/1959280/Over_Jump_Rally/","RALLLLLYYYYYYYYYYYY",""
"Go Mecha Ball","https://i.imgur.com/udS5J1e.jpeg","https://store.steampowered.com/app/2008510/Go_Mecha_Ball/","Looks solid.",""
"Blue Prince","https://i.imgur.com/atCtEDF.jpeg","https://store.steampowered.com/app/1569580/Blue_Prince/","",""
"MEGATON MUSASHI W: WIRED","https://i.imgur.com/49sD4k0.jpeg","https://store.steampowered.com/app/2450450/MEGATON_MUSASHI_W_WIRED/","Number go up.",""
"Dome-King Cabbage","https://i.imgur.com/orUsSbn.jpeg","https://store.steampowered.com/app/2092510/DomeKing_Cabbage/","Incredible style.",""
"Ring of Pain","https://i.imgur.com/n7eeh3t.jpeg","https://store.steampowered.com/app/998740/Ring_of_Pain/","Interesting take on a roguelike.",""
"ECHOSTASIS","https://i.imgur.com/kQADPed.jpeg","https://store.steampowered.com/app/1558000/ECHOSTASIS/","Analog horror's back on the menu, lads.",""
"The Mortuary Assistant","https://i.imgur.com/t4cU5VP.jpeg","https://store.steampowered.com/app/1295920/The_Mortuary_Assistant/","10/10 game. Never again.",""
"Death in Abyss","https://i.imgur.com/e2whmPX.jpeg","https://store.steampowered.com/app/2076520/Death_In_Abyss/","Starfox in the Mariana Trench.",""
"Aqua Ippan","https://i.imgur.com/e2ORhPC.png","https://division6.itch.io/aqua-ippan","",""
"Katana ZERO","[img]https://i.imgur.com/JrjTMl7.jpeg[/img]","https://store.steampowered.com/app/460950/Katana_ZERO/","",""
"Sunshine Shuffle","https://i.imgur.com/JElD96f.jpeg","https://strangescaffold.itch.io/sunshine-shuffle","",""
"LUNARK","https://i.imgur.com/G2tUZ6N.png","https://wayforward.itch.io/lunark","Love me some Flashback-esque games.",""
"Shakedown Rally","https://i.imgur.com/UmERxOx.png","https://nothke.itch.io/shakedown","(distant) rallllyyyyy~",""
"The Drifter","https://i.imgur.com/FDqG18I.png","https://store.steampowered.com/app/1170570/The_Drifter/","Love me some Flashback-esque games.",""
"Shotgunkatana","https://i.imgur.com/O3kZOnf.png","https://x.com/CeluloiDedede/status/1764320011533852712/","Name says it all.",""
"RKGK / Rakugaki","https://i.imgur.com/YWNzj2F.jpeg","https://store.steampowered.com/app/2146570/RKGK__Rakugaki/","Solid look.",""
"Silly Polly Beast","https://i.imgur.com/skOx78Q.jpeg","https://store.steampowered.com/app/1598780/Silly_Polly_Beast/","",""
"Spectacular Sparky","https://i.imgur.com/AbWngMi.jpeg","https://store.steampowered.com/app/1300100/Spectacular_Sparky/","I love Treasure.",""
"Athenian Rhapsody","https://i.imgur.com/oSqCzBW.jpeg","https://store.steampowered.com/app/1671720/Athenian_Rhapsody/","",""
"@NickWestDev","https://i.imgur.com/nYvqI4V.png","https://twitter.com/NickWestDev/status/1791850334186258801","",""
"Pampas & Selene: The Maze of Demons","https://i.imgur.com/51cwbSa.jpeg","https://store.steampowered.com/app/1966220/Pampas__Selene_The_Maze_of_Demons/","I love La-Mulana.",""
"Enter the Chronosphere","https://i.imgur.com/ObOFzzK.jpeg","https://store.steampowered.com/app/1969810/Enter_the_Chronosphere/","",""
"Lorelei and the Laser Eyes","https://i.imgur.com/iyVn9UJ.jpeg","https://store.steampowered.com/app/2008920/Lorelei_and_the_Laser_Eyes/","WTF do you mean Suda51 didn't make this?",""
"DOWNSOUTH","https://i.imgur.com/q8Mqv4j.png","https://twitter.com/troopsushi/status/1627784625681735700","Schmovement with Toejam & Earl animations.",""
"Roskur's Run","https://i.imgur.com/pqcPCLD.jpeg","https://store.steampowered.com/app/1058030/Roskurs_Run/","Schmovement 2: Schmovement Harder",""
"Star Fetchers: Escape from Pork Belly","https://i.imgur.com/U2Uz4Ig.jpeg","https://store.steampowered.com/app/2869630/Star_Fetchers__Escape_from_Pork_Belly/","Excellent vibe.",""
"Super Mario and the Rainbow Stars","https://i.imgur.com/ssgxH5A.png","https://twitter.com/Super_Starshi/status/1790059786488225931","Looks great.",""
"Project Tempest","https://i.imgur.com/x40ySiK.png","https://twitter.com/poorlocke/status/1790063678529622508","",""
"Running Voltgun","https://i.imgur.com/2YvXZSU.png","https://twitter.com/sinclairstrange/status/1789994602679734724","I love Treasure.",""
"Mina the Hollower","https://i.imgur.com/KcSUAlu.gif","https://store.steampowered.com/app/1875580/Mina_the_Hollower/","Hey, remember Oracle of Ages?",""
"The WereCleaner","https://i.imgur.com/4rQ7Ehu.jpeg","https://store.steampowered.com/app/2795000/The_WereCleaner/","Goofy fun.",""
"Rooftops & Alleys: The Parkour Game","https://i.imgur.com/rRMubny.jpeg","https://store.steampowered.com/app/2703850/Rooftops__Alleys_The_Parkour_Game/","",""
"Who's Lila?","https://i.imgur.com/GHDoRfr.jpeg","https://store.steampowered.com/app/1697700/Whos_Lila/","Neat way of interacting.",""
"Sugar Isogu","https://i.imgur.com/T8ltphS.jpeg","https://store.steampowered.com/app/1752990/Sugar_Isogu/","Love me some good kicks.",""
"Rogue Voltage","https://i.imgur.com/xHpKBnR.jpeg","https://store.steampowered.com/app/1494560/Rogue_Voltage/","Tentatively interested. Love to see systems go.",""
"Path of Achra","https://i.imgur.com/c9i7hz8.jpeg","https://store.steampowered.com/app/2128270/Path_of_Achra/","The ROGUE itch is a tough one to scratch but this one does pretty well.",""
"Heading Out","https://i.imgur.com/SYwuwo8.jpeg","https://store.steampowered.com/app/1640630/Heading_Out/","Love the style.",""
"@RegalPigeon","https://i.imgur.com/pAX9Vdy.png","https://twitter.com/RegalPigeon/status/1787098418264862835","I'm a sucker for Battle Network anything.",""
"Screenbound","https://i.imgur.com/ssnHFwj.jpeg","https://store.steampowered.com/app/2805070/Screenbound/","Very cool concept.",""
"DREDGE","https://i.imgur.com/IxKDOYW.jpeg","https://store.steampowered.com/app/1562430/DREDGE/","Peep the horrors.",""
"Cryptmaster","https://i.imgur.com/PUAUwZ6.jpeg","https://store.steampowered.com/app/1885110/Cryptmaster/","Mavis Beacon Teaches The True Names Of Dungeon Dwellers",""
"Papers, Please","https://i.imgur.com/B7WtOWx.jpeg","https://store.steampowered.com/app/239030/Papers_Please/","GLORY TO ARSTOTZKA.",""
"4D Golf","https://i.imgur.com/KzZ2i4l.jpeg","https://store.steampowered.com/app/2147950/4D_Golf/","",""
"Bye Sweet Carole","https://i.imgur.com/bAr3oCQ.jpeg","https://store.steampowered.com/app/2428980/Bye_Sweet_Carole/","Disney-style animation. Seems neat.",""
"Surmount: A Mountain Climbing Adventure","https://i.imgur.com/CVN2o9Q.jpeg","https://store.steampowered.com/app/1675000/Surmount_A_Mountain_Climbing_Adventure/","",""
"All You Need is Help","https://i.imgur.com/qUCz7AT.png","https://twitter.com/PixelJunkNews/status/1785006270921236954","Terrible Tetris.",""
"@xewlupus","https://i.imgur.com/Y2YXYDM.png","https://twitter.com/xewlupus/status/1777149741731865076","",""
"@Bandygrass","https://i.imgur.com/kyV1YIH.png","https://twitter.com/Bandygrass/status/1784662893600108578","",""
"Ghost Hand","https://i.imgur.com/SdlMtZo.jpeg","https://store.steampowered.com/app/2563880/Ghost_Hand/","",""
"Wind Runners","https://i.imgur.com/z1cPRsL.jpeg","https://store.steampowered.com/app/1101370/Wind_Runners/","",""
"RADIOSOL","https://i.imgur.com/hcT8KVc.jpeg","https://store.steampowered.com/app/2934330/RADIOSOL/","",""
"Lightspeed Lina","https://i.imgur.com/SGKD2GJ.png","https://twitter.com/Cornf_Blue/status/1784256540590952728","",""
"Back to the Dawn","https://i.imgur.com/JrO99Iu.jpeg","https://store.steampowered.com/app/1735700/Back_to_the_Dawn/","",""
"The Plucky Squire","https://i.imgur.com/alAhooD.png","https://twitter.com/apossf/status/1782769129532850182","",""
"ESCHATOS","https://i.imgur.com/iK6wrAx.jpeg","https://store.steampowered.com/app/378770/ESCHATOS/","",""
"SIGNALIS","https://i.imgur.com/a0BRGN8.jpeg","https://store.steampowered.com/app/1262350/SIGNALIS/","Looks great.",""
"WORLD OF HORROR","https://i.imgur.com/qMbyLEv.jpeg","https://store.steampowered.com/app/913740/WORLD_OF_HORROR/","Love me some Call of Cthulu.",""
"Momodora: Moonlit Farewell","https://i.imgur.com/4QKG59Q.jpeg","https://store.steampowered.com/app/1747760/Momodora_Moonlit_Farewell/","",""
"Rusted Moss","https://i.imgur.com/b4DBWRu.jpeg","https://store.steampowered.com/app/1772830/Rusted_Moss/","",""
"GNOSIA","https://i.imgur.com/ICMUvQ6.jpeg","https://store.steampowered.com/app/1608290/GNOSIA/","Social deduction with more flair.",""
"Coffee Talk","[img]https://i.imgur.com/rhlxaFQ.jpeg[/img]","https://store.steampowered.com/app/914800/Coffee_Talk/","",""
"VA-11 Hall-A: Cyberpunk Bartender Action","https://i.imgur.com/bTNIGDO.jpeg","https://store.steampowered.com/app/447530/VA11_HallA_Cyberpunk_Bartender_Action/","",""
"La-Mulana","https://i.imgur.com/WQLV4KX.jpeg","https://store.steampowered.com/app/230700/LaMulana/","*Indiana Jones music plays*",""
"La-Mulana 2","https://i.imgur.com/I39Z3fl.jpeg","https://store.steampowered.com/app/835430/LaMulana_2/","*Indiana Jones music intensifies*",""
"NIGHTMARE OPERATOR","https://i.imgur.com/hz6wUIa.jpeg","https://store.steampowered.com/app/2957360/NIGHTMARE_OPERATOR/","PSP-core, baby.",""
"Parking Garage Rally Circuit","https://i.imgur.com/OKNHFG0.jpeg","https://store.steampowered.com/app/2737300/Parking_Garage_Rally_Circuit/","Initial D. INITIAL D!",""
"Dream Tactics","https://i.imgur.com/4t1JkAL.jpeg","https://store.steampowered.com/app/1897650/Dream_Tactics/","",""
"ENA: Dream BBQ","https://i.imgur.com/e0lMoPl.jpeg","https://store.steampowered.com/app/2134320/ENA_Dream_BBQ/","Ugh. Another ENA troublemaker.",""
"Penny's Big Breakaway","https://i.imgur.com/jX7s3q1.jpeg","https://store.steampowered.com/app/1955230/Pennys_Big_Breakaway/","",""
"The Big Catch","https://i.imgur.com/Wi1GOS3.jpeg","https://store.steampowered.com/app/2146290/The_Big_Catch/","Absolutely looking forward to this one.",""
"Harold Halibut","https://i.imgur.com/FGY5tCn.jpeg","https://store.steampowered.com/app/924750/Harold_Halibut/","Looks incredible.",""
"@melonkoi","https://i.imgur.com/xv74Zc5.png","https://twitter.com/melonkoi/status/1779322326309384563","Battle Network fans stay winning.",""
"Decline's Drops","https://i.imgur.com/KDXFJhi.png","https://twitter.com/moulinauxbulles/status/1781011293010366774","Punch your problems away.",""
"Gravity Circuit","[img]https://i.imgur.com/Pwig44T.jpeg[/img]","https://store.steampowered.com/app/858710/Gravity_Circuit/","",""
"Precursor","https://i.imgur.com/42MRWyY.png","https://twitter.com/JanOrszulik/status/1781013720476315848","Incredible pixel art destruction.",""
"Bumpers & Broadswords Maximum","https://i.imgur.com/WUaWwex.png","https://hwilson.itch.io/bbmax","Remember Tin Pin Slammers from 'The World Ends with You'?",""
"Ants Took My Eyeball","https://i.imgur.com/qVHSCkI.jpeg","https://store.steampowered.com/app/1627890/Ants_Took_My_Eyeball/","",""
"Mojito the Cat","https://i.imgur.com/rbmWHbO.jpeg","https://store.steampowered.com/app/1798950/Mojito_the_Cat/","",""
"Dungeons of Hinterberg","https://i.imgur.com/pqnjjyF.png","https://twitter.com/MicrobirdGames/status/1775143085489438885","",""
"Sunset Devils","https://i.imgur.com/6CCErtj.jpeg","https://store.steampowered.com/app/2695810/Sunset_Devils/","Unique control scheme.",""
"Ruffy and the Riverside","https://i.imgur.com/GsQR3qD.jpeg","https://store.steampowered.com/app/1002260/Ruffy_and_the_Riverside/","",""
"MINDWAVE","https://i.imgur.com/gGkxHrR.jpeg","https://store.steampowered.com/app/2701030/MINDWAVE/","Love me some WarioWare games.",""
"Knuckle Sandwich","https://i.imgur.com/6Rsbs72.jpeg","https://store.steampowered.com/app/1012570/Knuckle_Sandwich/","Love me some WarioWare games.",""
"@AlexStrook","https://i.imgur.com/Y42lDrv.png","https://twitter.com/AlexStrook/status/1778831995528720846","Reminded me of Jet Lancer meets Starfox.",""
"RollScape","https://i.imgur.com/qwADBTw.jpeg","https://store.steampowered.com/app/2904290/RollScape/","DICE.",""
"SNKRX","[img]https://i.imgur.com/HdUHDj6.jpeg[/img]","https://store.steampowered.com/app/915310/SNKRX/","",""
"DemonCrawl","https://i.imgur.com/iD2EdMM.jpeg","https://store.steampowered.com/app/1141220/DemonCrawl/","Cool take on Minesweeper.",""
"Airframe Ultra","https://i.imgur.com/wtsJEcY.jpeg","https://store.steampowered.com/app/2522120/Airframe_Ultra/","Love the vibe.",""
"@andmish","https://i.imgur.com/mjTeIeS.png","https://twitter.com/andmish/status/1775493287773643002","",""
"@artofsully","https://i.imgur.com/WtUSu1r.png","https://twitter.com/artofsully/status/1773427538276065721","",""
"Record of Lodoss War-Deedlit in Wonder Labyrinth-","https://i.imgur.com/rAdfLji.jpeg","https://store.steampowered.com/app/1203630/Record_of_Lodoss_WarDeedlit_in_Wonder_Labyrinth/","Great pixel art.",""
"DRAINUS","https://i.imgur.com/2LHhvEy.jpeg","https://store.steampowered.com/app/1975360/DRAINUS/","More shoot-bang.",""
"FAITH: The Unholy Trinity","[img]https://i.imgur.com/FZqU1TK.jpeg[/img]","https://store.steampowered.com/app/1179080/FAITH_The_Unholy_Trinity/","[MORTIS.]",""
"Touhou: Luna Nights","https://i.imgur.com/LovHyyG.jpeg","https://store.steampowered.com/app/851100/Touhou_Luna_Nights/","Great pixel art.",""
"Hand of the Divine","https://i.imgur.com/teWFRoV.png","https://play.date/games/hand-of-the-divine/","",""
"what the CROW?!","https://i.imgur.com/LdgF3Hx.png","https://play.date/games/what-the-crow/","",""
"Mars After Midnight","https://i.imgur.com/w5V4vqy.png","https://play.date/games/mars-after-midnight/","",""
"Pullfrog Playdate Deluxe","https://i.imgur.com/Kbtuy75.png","https://play.date/games/pullfrog/","",""
"Under The Castle","https://i.imgur.com/WD0u7LH.png","https://play.date/games/under-the-castle/","",""
"The Zachtronics Puzzle Pack","https://i.imgur.com/jwu4JOv.png","https://store.steampowered.com/bundle/2925/The_Zachtronics_Puzzle_Pack/","Too many bangers in here.",""
"NERTS! Online","https://i.imgur.com/edEXYp5.jpeg","https://store.steampowered.com/app/1131190/NERTS_Online/","You will feel the gears in your brain working overtime.",""
"Dwarf Fortress","https://i.imgur.com/Qi12tGm.jpeg","https://store.steampowered.com/app/975370/Dwarf_Fortress/","d0rf.",""
"Mosa Lina","https://i.imgur.com/21pNtkE.jpeg","https://store.steampowered.com/app/2477090/Mosa_Lina/","[Action.]",""
"Penny's Big Breakaway","[img]https://i.imgur.com/Mvn4al3.jpeg[/img]","https://store.steampowered.com/app/1955230/Pennys_Big_Breakaway/","",""
"Sea of Stars","https://i.imgur.com/WahK6sQ.jpeg","https://store.steampowered.com/app/1244090/Sea_of_Stars/","Great looking RPG.",""
"Control","[img]https://i.imgur.com/Xfq4Hao.jpeg[/img]","https://store.steampowered.com/app/870780/Control_Ultimate_Edition/","",""
"Cobalt Core","https://i.imgur.com/ha5aSri.jpeg","https://store.steampowered.com/app/2179850/Cobalt_Core/","Cool deckbuilder.",""
"The Zachtronics Solitaire Collection","https://i.imgur.com/Wzp0TP5.jpeg","https://store.steampowered.com/app/1988540/The_Zachtronics_Solitaire_Collection/","*hides 150+ wins on Fortune's Foundation* I don't have a problem; you do.",""
"Disco Elysium","https://i.imgur.com/4slsqHB.jpeg","https://store.steampowered.com/app/632470/Disco_Elysium__The_Final_Cut/","Great storytelling.",""
"Balatro","https://i.imgur.com/IA4rtGc.jpeg","https://store.steampowered.com/app/2379780/Balatro/","Batman HATES this game.",""
"Touhou: Lost Branch of Legend","https://i.imgur.com/Drbv6Wi.jpeg","https://store.steampowered.com/app/1140150/Touhou_Lost_Branch_of_Legend/","Refined Slay the Sprire with MTG mana mechanics.",""
"Bomb Rush Cyberfunk","https://i.imgur.com/DyeP4d4.jpeg","https://store.steampowered.com/app/1353230/Bomb_Rush_Cyberfunk/","you better watch yo back, yo, watch your back, yo",""
"Shotgun King: The Final Checkmate","https://i.imgur.com/JLBBwZh.jpeg","https://store.steampowered.com/app/1972440/Shotgun_King_The_Final_Checkmate/","",""
"Void Stranger","https://i.imgur.com/6Qpcqw5.jpeg","https://store.steampowered.com/app/2121980/Void_Stranger/","Narrative-driven Sokoban was not on my bingo card.",""
"5D Chess With Multiverse Time Travel","https://i.imgur.com/sbYyw3Y.jpeg","https://store.steampowered.com/app/1349230/5D_Chess_With_Multiverse_Time_Travel/","Checkmate them in the past.",""
"HITMAN: World of Assassination","https://i.imgur.com/ufkmK8z.jpeg","https://store.steampowered.com/app/1659040/HITMAN_World_of_Assassination/","",""
"Rift Wizard 2","https://i.imgur.com/2Ftsoy4.jpeg","https://store.steampowered.com/app/2058570/Rift_Wizard_2/","Bit rough around the edges but number go up.",""
"Darkwood","https://i.imgur.com/PsxuAlY.jpeg","https://store.steampowered.com/app/274520/Darkwood/","Most replayed and recommended game.",""
"(the) Gnorp Apologue","https://i.imgur.com/SVXLFMO.jpeg","https://store.steampowered.com/app/1473350/the_Gnorp_Apologue/","Idle game that respects your time a bit more.",""
"Retro Gadgets","https://i.imgur.com/Ffj1gFN.jpeg","https://store.steampowered.com/app/1730260/Retro_Gadgets/","Wanna make your own Tiger Electronics handheld?",""
"Pizza Tower","https://i.imgur.com/ErJG49B.jpeg","https://store.steampowered.com/app/2231450/Pizza_Tower/","Y'all ready to get funky?",""
"TUNIC","[img]https://i.imgur.com/20N6O3g.jpeg[/img]","https://store.steampowered.com/app/553420/TUNIC/","",""
"Midnight Fight Express","https://i.imgur.com/Cc2OZSe.jpeg","https://store.steampowered.com/app/1390410/Midnight_Fight_Express/","Always be throwing hands.",""
"Mecha Simultactics","https://i.imgur.com/JIWQGTB.jpeg","https://store.steampowered.com/app/2738660/Mecha_Simultactics/","YOMI Hustle with mechs. Very curious.",""
"Factorio","[img]https://i.imgur.com/VaSBoi1.jpeg[/img]","https://store.steampowered.com/app/427520/Factorio/","The factory must grow.",""
"N++","https://i.imgur.com/rqTBOtZ.jpeg","https://store.steampowered.com/app/230270/N_NPLUSPLUS/","The classic, refined.",""
"Hylics 2","https://i.imgur.com/3VFAMBL.jpeg","https://store.steampowered.com/app/1286710/Hylics_2/","Love the look.",""
"Critters for Sale","https://i.imgur.com/dAAMvWr.jpeg","https://store.steampowered.com/app/1078420/Critters_for_Sale/","LOVE the look.",""
"Ex-Zodiac","https://i.imgur.com/BuLSvu1.jpeg","https://store.steampowered.com/app/1249480/ExZodiac/","Starfox.",""
"Felvidek","https://i.imgur.com/udmUhzk.jpeg","https://store.steampowered.com/app/2299900/Felvidek/","",""
"The Many Pieces of Mr. Coo","https://i.imgur.com/EdpsRcq.jpeg","https://store.steampowered.com/app/1602560/The_Many_Pieces_of_Mr_Coo/","Amazing animations.",""
"Transistor","https://i.imgur.com/eoeS2Ej.jpeg","https://store.steampowered.com/app/237930/Transistor/","Supergiant game. Automatic include.",""
"Kingdoms of the Dump","https://i.imgur.com/2uZFAoa.png","https://twitter.com/DumpKingdoms/status/1761349703289946393","Love the look.",""
"Salamander County Public Television","[img]https://i.imgur.com/llS7f7q.jpeg[/img]","https://store.steampowered.com/app/1521810/Salamander_County_Public_Television/","Goofy fun.",""
"MARVEL SNAP","https://i.imgur.com/JsBoI6Y.jpeg","https://store.steampowered.com/app/1997040/MARVEL_SNAP/","The only card game in recent memory to do something COMPLETELY different yet still approachable.",""
"Coromon","https://i.imgur.com/jzjUMAv.jpeg","https://store.steampowered.com/app/1218210/Coromon/","Looks like a solid refinement of the monster-collecting genre.",""
"Quadrilateral Cowboy","https://i.imgur.com/Mk5X1Ke.jpeg","https://store.steampowered.com/app/240440/Quadrilateral_Cowboy/","I'm a sucker for these weird block people.",""
"Dicey Dungeons","https://i.imgur.com/GkJVNna.jpeg","https://store.steampowered.com/app/861540/Dicey_Dungeons/","There can never be enough dice games.",""
"Your Only Move is HUSTLE","https://i.imgur.com/qzpoSXi.jpeg","https://store.steampowered.com/app/2212330/Your_Only_Move_Is_HUSTLE/","Excellent take on making Toribash approachable but bogged down by constant fundamental changes.",""
"The Cat Lady","https://i.imgur.com/SuLn0n2.jpeg","https://store.steampowered.com/app/253110/The_Cat_Lady/","Great aesthetic.",""
"Hypnospace Outlaw","https://i.imgur.com/9jD6t1l.jpeg","https://store.steampowered.com/app/844590/Hypnospace_Outlaw/","",""
"Brutal Orchestra","https://i.imgur.com/BEM58ZA.jpeg","https://store.steampowered.com/app/1734320/Brutal_Orchestra/","",""
"What Remains of Edith Finch","[img]https://i.imgur.com/wyW6lNT.jpeg[/img]","https://store.steampowered.com/app/501300/What_Remains_of_Edith_Finch/","",""
"Hitman GO: Definitive Edition","[img]https://i.imgur.com/ExKikxg.jpeg[/img]","https://store.steampowered.com/app/427820/Hitman_GO_Definitive_Edition/","Love this aesthetic.",""
"Invisible, Inc","https://i.imgur.com/ANKB6Ef.jpeg","https://store.steampowered.com/app/243970/Invisible_Inc/","",""
"Lethal League Blaze","https://i.imgur.com/wkg8sXw.jpeg","https://store.steampowered.com/app/553310/Lethal_League_Blaze/","",""
"Baba is You","https://i.imgur.com/WqWmQiN.jpeg","https://store.steampowered.com/app/736260/Baba_Is_You/","Lemme know when you start speaking in three word sentences.",""
"Pepper Grinder","https://i.imgur.com/tqWtwn6.jpeg","https://store.steampowered.com/app/2076580/Pepper_Grinder/","Drill Dozer's BACK, baby!",""
"Subsurface Circular","https://i.imgur.com/lRxHJ3P.jpeg","https://store.steampowered.com/app/676820/Subsurface_Circular/","",""
"Sifu","https://i.imgur.com/F56r4ij.jpeg","https://store.steampowered.com/app/2138710/Sifu/","Throw hands.",""
"Super Lone Survivor","https://i.imgur.com/VOxDfI0.jpeg","https://store.steampowered.com/app/1907440/Super_Lone_Survivor/","",""
"Noita","https://i.imgur.com/6su45Xe.jpeg","https://store.steampowered.com/app/881100/Noita/","",""
"Lost Judgment","https://i.imgur.com/NxucDUK.jpeg","https://store.steampowered.com/app/2058190/Lost_Judgment/","Yakuza-like with more palatable combat.",""
"The Stanley Parable: Ultra Deluxe","https://i.imgur.com/TLLg9Mn.jpeg","https://store.steampowered.com/app/1703340/The_Stanley_Parable_Ultra_Deluxe/","Got many a sensible chuckle out of me.",""
"Pocket Crystal League","https://i.imgur.com/v5nVp0U.png","https://moodytail.itch.io/pocket-crystal-league","The cards, the cards, the cards will tell",""
"Distance","https://i.imgur.com/Zu4BafQ.jpeg","https://store.steampowered.com/app/233610/Distance/","Racing game with horror trappings. Love it.",""
"Monster Sanctuary","https://i.imgur.com/ucEIsE7.jpeg","https://store.steampowered.com/app/814370/Monster_Sanctuary/","Looks good.",""
"Dead Cells","https://i.imgur.com/qE3dQbP.jpeg","https://store.steampowered.com/app/588650/Dead_Cells/","Action with undercurrent of number go up.",""
"Mirror's Edge","https://i.imgur.com/XcJa6u3.jpeg","https://store.steampowered.com/app/17410/Mirrors_Edge/","Love this look.",""
"Catherine Classic","https://i.imgur.com/CasuaTw.jpeg","https://store.steampowered.com/app/893180/Catherine_Classic/","e d g e",""
"Keep Talking and Nobody Explodes","https://i.imgur.com/AjXllpx.jpeg","https://store.steampowered.com/app/341800/Keep_Talking_and_Nobody_Explodes/","Play it with mods.",""
"Potionomics","https://i.imgur.com/DVIH40F.jpeg","https://store.steampowered.com/app/1874490/Potionomics/","LOVE the animations.",""
"Fatum Betula","https://i.imgur.com/jRoYzlL.jpeg","https://store.steampowered.com/app/1281270/Fatum_Betula/","",""
"Caves of Qud","https://i.imgur.com/tnZukB0.jpeg","https://store.steampowered.com/app/333640/Caves_of_Qud/","Love me some NetHack.",""
"Polymute","https://i.imgur.com/pIlZnxA.gif","https://linker.itch.io/polymute","Fun puzzle-y game.",""
"Grindstone","https://i.imgur.com/c9cYpsW.jpeg","https://store.steampowered.com/app/1818690/Grindstone/","Nice play on match-3.",""
"Helltaker","https://i.imgur.com/2lq06Hb.jpeg","https://store.steampowered.com/app/1289310/Helltaker/","I like the vibe. Justice is dope.",""
"Hades","https://i.imgur.com/nGaeN2j.jpeg","https://store.steampowered.com/app/1145360/Hades/","Supergiant game. Auto-include.",""
"A Short Hike","https://i.imgur.com/F9epg1b.gif","https://adamgryu.itch.io/a-short-hike","Cute.",""
"Battle Chef Brigade Deluxe","https://i.imgur.com/rGA2Jd3.jpeg","https://store.steampowered.com/app/452570/Battle_Chef_Brigade_Deluxe/","Knew the devs.",""
"Warframe","https://i.imgur.com/we5l13S.jpeg","https://store.steampowered.com/app/230410/Warframe/","I have a 6 forma Daikyu.",""
"My Familiar","https://i.imgur.com/MEOMRHA.jpg","https://store.steampowered.com/app/1502750/My_Familiar/","Great look.",""
"SUPERHOT","https://i.imgur.com/OLMak5v.jpeg","https://store.steampowered.com/app/322500/SUPERHOT/","SUPER. HOT.",""
"Manifold Garden","https://i.imgur.com/0ym82An.jpeg","https://store.steampowered.com/app/473950/Manifold_Garden/","Talked to the dev.",""
"Picayune Dreams","https://i.imgur.com/IubtQ5U.jpeg","https://store.steampowered.com/app/2088840/Picayune_Dreams/","Nice Survivors-like.",""
"Inscryption","https://i.imgur.com/6ecDUCT.jpeg","https://store.steampowered.com/app/1092790/Inscryption/","Great card game.",""
"ZeroRanger","https://i.imgur.com/yqfjjpr.jpeg","https://store.steampowered.com/app/809020/ZeroRanger/","Love the aesthetics.",""
"Critter Crosser","https://i.imgur.com/TwHmHRS.jpeg","https://store.steampowered.com/app/2792320/Critter_Crosser/","Love the way the creatures move.",""
"Return of the Obra Dinn","https://i.imgur.com/Q8Zbs3t.jpeg","https://store.steampowered.com/app/653530/Return_of_the_Obra_Dinn/","Fuck you, Brennan.",""
"Fear & Hunger 2: Termina","https://i.imgur.com/ljQyt54.jpeg","https://store.steampowered.com/app/2171440/Fear__Hunger_2_Termina/","",""
"Jazzpunk","https://i.imgur.com/F1PxAxc.jpeg","https://store.steampowered.com/app/250260/Jazzpunk_Directors_Cut/","If you need me, I'll be in the wine cellar.",""
"Hotline Miami","https://i.imgur.com/401Xrdw.jpeg","https://store.steampowered.com/app/219150/Hotline_Miami/","*Hydrogen by M.O.O.N. plays*",""
"Monster Train","https://i.imgur.com/og4sQhj.jpeg","https://store.steampowered.com/app/1102190/Monster_Train/","Nice refinement on the Slay the Spire formula.",""
"Starseed Pilgrim","https://i.imgur.com/ZJ3Eeh0.jpeg","https://store.steampowered.com/app/230980/Starseed_Pilgrim/","Still want to remake this game at some point.",""
"R4: Ridge Racer Type-4","https://i.imgur.com/VpGBcBU.jpeg","","Welcome to the world of Ridge Racer.",""
